﻿<?xml version="1.0" encoding="UTF-8"?>
<CustomElement><MappedIDs><MappedID><Name>ElementTypeID</Name><Value>1534</Value><DateLastModified>2010-03-24 19:48:10</DateLastModified></MappedID><MappedID><Name>FieldID</Name><Value>1544</Value><ParentID>1534</ParentID><DateLastModified>2010-03-24 19:48:10</DateLastModified></MappedID><MappedID><Name>FieldID</Name><Value>1546</Value><ParentID>1534</ParentID><DateLastModified>2010-03-24 19:48:10</DateLastModified></MappedID><MappedID><Name>FieldID</Name><Value>1547</Value><ParentID>1534</ParentID><DateLastModified>2010-03-24 19:48:10</DateLastModified></MappedID><MappedID><Name>FieldID</Name><Value>1548</Value><ParentID>1534</ParentID><DateLastModified>2010-03-24 19:48:10</DateLastModified></MappedID><MappedID><Name>FieldID</Name><Value>1550</Value><ParentID>1534</ParentID><DateLastModified>2010-03-24 19:48:10</DateLastModified></MappedID><MappedID><Name>FieldID</Name><Value>1549</Value><ParentID>1534</ParentID><DateLastModified>2010-03-24 19:48:10</DateLastModified></MappedID><MappedID><Name>FieldID</Name><Value>1551</Value><ParentID>1534</ParentID><DateLastModified>2010-03-24 19:48:10</DateLastModified></MappedID><MappedID><Name>FieldID</Name><Value>1552</Value><ParentID>1534</ParentID><DateLastModified>2010-03-24 19:48:10</DateLastModified></MappedID><MappedID><Name>TabID</Name><Value>1535</Value><ParentID>1534</ParentID><DateLastModified>2010-03-24 15:17:22</DateLastModified></MappedID><MappedID><Name>CustomFieldTypeID</Name><Value>1538</Value><DateLastModified>2010-03-24 15:24:09</DateLastModified></MappedID><MappedID><Name>CustomFieldTypeID</Name><Value>1536</Value><DateLastModified>2010-03-24 15:17:22</DateLastModified></MappedID><MappedID><Name>CustomFieldTypeID</Name><Value>1540</Value><DateLastModified>2010-03-24 15:17:22</DateLastModified></MappedID><MappedID><Name>CustomFieldTypeID</Name><Value>1612</Value><DateLastModified>2010-03-24 15:34:23</DateLastModified></MappedID></MappedIDs><CustomFieldTypes><CustomFieldType><ID>1538</ID><Name>Custom Element Select Field</Name><GUID>B708B3F3-A3DB-A946-4E50-E7F5FEC1EF75</GUID><Description>Custom Element Select Field to define the CE and CE fields as display and value.  Also, set flag to show/hide, set default value, and give an ID value to the select form field.</Description><CSDataType/><Module><PropertyModule>/ADF/extensions/customfields/custom_element_select_field/custom_element_select_field_props.cfm</PropertyModule><RenderModule>/ADF/extensions/customfields/custom_element_select_field/custom_element_select_field_render.cfm</RenderModule></Module></CustomFieldType><CustomFieldType><ID>1536</ID><Name>Photo Upload</Name><GUID>B708B402-C16B-4412-B99B-2B78D710E6E0</GUID><Description>Photo Upload custom field type.</Description><CSDataType/><Module><PropertyModule>/ADF/apps/pt_photo_gallery/customfields/photo_upload_props.cfm</PropertyModule><RenderModule>/ADF/apps/pt_photo_gallery/customfields/photo_upload_render.cfm</RenderModule></Module></CustomFieldType><CustomFieldType><ID>1540</ID><Name>Photo Image Gallery Checkbox Field</Name><GUID>B708B412-905F-0D73-4565-E4127CCA1263</GUID><Description>Photo Image Gallery checkbox field that allows for the field to be visible/hidden and set the default value.</Description><CSDataType/><Module><PropertyModule>/ADF/apps/pt_photo_gallery/customfields/photo_img_gallery_checkbox_field_props.cfm</PropertyModule><RenderModule>/ADF/apps/pt_photo_gallery/customfields/photo_img_gallery_checkbox_field_render.cfm</RenderModule></Module></CustomFieldType><CustomFieldType><ID>1612</ID><Name>Custom Hidden Field</Name><GUID>B708B422-F7F7-F82D-66F0-AE087A848685</GUID><Description>Custom hidden field to specify a field ID and class property set to allow one edit, then the field is read only.</Description><CSDataType>text</CSDataType><Module><PropertyModule>/ADF/extensions/customfields/custom_hidden_field/custom_hidden_field_props.cfm</PropertyModule><RenderModule>/ADF/extensions/customfields/custom_hidden_field/custom_hidden_field_render.cfm</RenderModule></Module></CustomFieldType></CustomFieldTypes><FieldDefinitions><FieldDefinition><ID>1544</ID><Name>photoID</Name><ControlName>FIC_photoID</ControlName><Description/><Type>hidden</Type><Properties><FieldDefaultValue>createuuid()</FieldDefaultValue><IsCustomFieldType>0</IsCustomFieldType><IsShared>0</IsShared><Position>1</Position><TabName>Photo</TabName><INPUTPARAMS type="Struct"><DLGTYPE>customelement</DLGTYPE><LABEL>photoID</LABEL><PEDIT/><PREAD/><REQ>No</REQ><TABID>1535.0</TABID><USESECURITY>0</USESECURITY><USEUDEF>1</USEUDEF></INPUTPARAMS></Properties></FieldDefinition><FieldDefinition><ID>1546</ID><Name>Title</Name><ControlName>FIC_title</ControlName><Description/><Type>text</Type><Properties><IsCustomFieldType>0</IsCustomFieldType><IsShared>0</IsShared><Position>2</Position><TabName>Photo</TabName><INPUTPARAMS type="Struct"><ID>1546.0</ID><LABEL>Title</LABEL><MAXLENGTH>255</MAXLENGTH><MSG>Please enter a valid Title value</MSG><PEDIT/><PREAD/><READONLY>0</READONLY><REQ>Yes</REQ><SHARED>0</SHARED><SIZE>40</SIZE><TABID>1535.0</TABID><USESECURITY>0</USESECURITY><USEUDEF>0</USEUDEF></INPUTPARAMS></Properties></FieldDefinition><FieldDefinition><ID>1547</ID><Name>Caption</Name><ControlName>FIC_caption</ControlName><Description/><Type>text</Type><Properties><IsCustomFieldType>0</IsCustomFieldType><IsShared>0</IsShared><Position>3</Position><TabName>Photo</TabName><INPUTPARAMS type="Struct"><DLGTYPE>customelement</DLGTYPE><LABEL>Caption</LABEL><MAXLENGTH>255</MAXLENGTH><MSG>Please enter a valid Caption value</MSG><PEDIT/><PREAD/><REQ>No</REQ><SIZE>40</SIZE><TABID>1535.0</TABID><USESECURITY>0</USESECURITY><USEUDEF>0</USEUDEF></INPUTPARAMS></Properties></FieldDefinition><FieldDefinition><ID>1548</ID><Name>Abstract</Name><ControlName>FIC_abstract</ControlName><Description/><Type>large_textarea</Type><Properties><IsCustomFieldType>0</IsCustomFieldType><IsShared>0</IsShared><Position>4</Position><TabName>Photo</TabName><INPUTPARAMS type="Struct"><COLS>40</COLS><DLGTYPE>customelement</DLGTYPE><LABEL>Abstract</LABEL><PEDIT/><PREAD/><REQ>No</REQ><ROWS>4</ROWS><TABID>1535.0</TABID><USESECURITY>0</USESECURITY><USEUDEF>0</USEUDEF><WRAP>virtual</WRAP></INPUTPARAMS></Properties></FieldDefinition><FieldDefinition><ID>1550</ID><Name>Category</Name><ControlName>FIC_category</ControlName><Description/><Type>Custom Element Select Field</Type><Properties><IsCustomFieldType>1</IsCustomFieldType><IsShared>0</IsShared><Position>5</Position><TabName>Photo</TabName><INPUTPARAMS type="Struct"><CUSTOMELEMENT>Photo_Category</CUSTOMELEMENT><DEFAULTVAL/><DISPLAYFIELD>Title</DISPLAYFIELD><FLDNAME>category</FLDNAME><ID>1550.0</ID><LABEL>Category</LABEL><PEDIT/><PREAD/><READONLY>0</READONLY><RENDERFIELD>yes</RENDERFIELD><REQ>Yes</REQ><SHARED>0</SHARED><TABID>1535.0</TABID><USESECURITY>0</USESECURITY><VALUEFIELD>categoryID</VALUEFIELD></INPUTPARAMS></Properties></FieldDefinition><FieldDefinition><ID>1549</ID><Name>Photo</Name><ControlName>FIC_photo</ControlName><Description/><Type>Photo Upload</Type><Properties><IsCustomFieldType>1</IsCustomFieldType><IsShared>0</IsShared><Position>6</Position><TabName>Photo</TabName><INPUTPARAMS type="Struct"><CATFLDNAME>category</CATFLDNAME><ID>1549.0</ID><INCLUDEIMGGALLERYFLDNAME>includeImageGallery</INCLUDEIMGGALLERYFLDNAME><LABEL>Photo</LABEL><PEDIT/><PHOTOCATEGORY>8E24655E-1C23-266A-32564DBADF82BC6B</PHOTOCATEGORY><PREAD/><READONLY>0</READONLY><REQ>Yes</REQ><SHARED>0</SHARED><TABID>1535.0</TABID><USESECURITY>0</USESECURITY></INPUTPARAMS></Properties></FieldDefinition><FieldDefinition><ID>1551</ID><Name>Include Photo in Image Gallery</Name><ControlName>FIC_includeImageGallery</ControlName><Description/><Type>Photo Image Gallery Checkbox Field</Type><Properties><IsCustomFieldType>1</IsCustomFieldType><IsShared>0</IsShared><Position>7</Position><TabName>Photo</TabName><INPUTPARAMS type="Struct"><DEFAULTVAL>yes</DEFAULTVAL><FLDNAME>includeImageGallery</FLDNAME><ID>1551.0</ID><IMGGALLERYPAGEIDFLDNAME>imgGalleryPageID</IMGGALLERYPAGEIDFLDNAME><LABEL>Include Photo in Image Gallery</LABEL><PEDIT/><PREAD/><READONLY>0</READONLY><RENDERFIELD>yes</RENDERFIELD><REQ>No</REQ><SHARED>0</SHARED><TABID>1535.0</TABID><USESECURITY>0</USESECURITY></INPUTPARAMS></Properties></FieldDefinition><FieldDefinition><ID>1552</ID><Name>Image Gallery PageID</Name><ControlName>FIC_imgGalleryPageID</ControlName><Description/><Type>Custom Hidden Field</Type><Properties><IsCustomFieldType>1</IsCustomFieldType><IsShared>0</IsShared><Position>8</Position><TabName>Photo</TabName><INPUTPARAMS type="Struct"><FIELDCLASS/><FIELDID>imgGalleryPageID</FIELDID><ID>1552</ID><LABEL>Image Gallery PageID</LABEL><PEDIT/><PREAD/><READONLY>0</READONLY><REQ>No</REQ><SHARED>0</SHARED><USESECURITY>0</USESECURITY><USEUDEF>0</USEUDEF></INPUTPARAMS></Properties></FieldDefinition></FieldDefinitions><TabDefinitions><TabDefinition><ID>1535</ID><DisplayName>Photo</DisplayName><SortName>photo</SortName></TabDefinition></TabDefinitions><ObjectParams><Name>Photo</Name><GUID>B708B318-EBDF-0716-773D-0C7F01F0EBF8</GUID><ExportedObjectType>Custom Element</ExportedObjectType><Description>Photo custom element.</Description><Category>Photo Gallery Elements</Category><GlobalElement>1</GlobalElement><IndexElement>0</IndexElement></ObjectParams></CustomElement>
