﻿<CommonSpotPacket type="Struct"><CheckADF>C:/data/web/ADF/</CheckADF><CommonSpotDir>C:/data/web/cs60/commonspot</CommonSpotDir><CommonSpotVersion>Build 6.0.0.734</CommonSpotVersion><Dependency class="array"></Dependency><ExportedObjects class="array"><Struct><CurrentDataVersion>2007-07-17 09:00:00</CurrentDataVersion><DateLastModified>2010-03-24 19:48:10</DateLastModified><Description>Photo custom element.</Description><GUID>B708B318-EBDF-0716-773D-0C7F01F0EBF8</GUID><MinReaderVersion>2007-07-17 09:00:00</MinReaderVersion><Name>Photo</Name><PackageID>1534</PackageID><Type>Custom Element</Type></Struct><Struct><CurrentDataVersion>2007-07-17 09:00:00</CurrentDataVersion><DateLastModified>2010-03-24 15:24:09</DateLastModified><Description>Custom Element Select Field to define the CE and CE fields as display and value.  Also, set flag to show/hide, set default value, and give an ID value to the select form field.</Description><GUID>B708B3F3-A3DB-A946-4E50-E7F5FEC1EF75</GUID><MinReaderVersion>2007-07-17 09:00:00</MinReaderVersion><Name>Custom Element Select Field</Name><PackageID>1538</PackageID><Type>Custom Field Type</Type></Struct><Struct><CurrentDataVersion>2007-07-17 09:00:00</CurrentDataVersion><DateLastModified>2010-03-24 15:17:22</DateLastModified><Description>Photo Upload custom field type.</Description><GUID>B708B402-C16B-4412-B99B-2B78D710E6E0</GUID><MinReaderVersion>2007-07-17 09:00:00</MinReaderVersion><Name>Photo Upload</Name><PackageID>1536</PackageID><Type>Custom Field Type</Type></Struct><Struct><CurrentDataVersion>2007-07-17 09:00:00</CurrentDataVersion><DateLastModified>2010-03-24 15:17:22</DateLastModified><Description>Photo Image Gallery checkbox field that allows for the field to be visible/hidden and set the default value.</Description><GUID>B708B412-905F-0D73-4565-E4127CCA1263</GUID><MinReaderVersion>2007-07-17 09:00:00</MinReaderVersion><Name>Photo Image Gallery Checkbox Field</Name><PackageID>1540</PackageID><Type>Custom Field Type</Type></Struct><Struct><CurrentDataVersion>2007-07-17 09:00:00</CurrentDataVersion><DateLastModified>2010-03-24 15:34:23</DateLastModified><Description>Custom hidden field to specify a field ID and class property set to allow one edit, then the field is read only.</Description><GUID>B708B422-F7F7-F82D-66F0-AE087A848685</GUID><MinReaderVersion>2007-07-17 09:00:00</MinReaderVersion><Name>Custom Hidden Field</Name><PackageID>1612</PackageID><Type>Custom Field Type</Type></Struct></ExportedObjects><PackageTimestamp>2010-09-28 14:45:42</PackageTimestamp><ServerLicenseID>507168</ServerLicenseID><ServerSchemaVersion>2010-04-15 10:00:00</ServerSchemaVersion><SiteDSN>commonspot-site-live</SiteDSN><SiteDir>C:/data/web/cs60/cs_sites/live</SiteDir><SiteID>2</SiteID><SiteSchemaVersion>2010-04-15 10:00:00</SiteSchemaVersion><UsersDSN>commonspot-users</UsersDSN><UsersSchemaVersion>2010-04-15 10:00:00</UsersSchemaVersion></CommonSpotPacket>
