﻿<CommonSpotPacket type="Struct"><CommonSpotDir>C:/data/web/cs501/commonspot</CommonSpotDir><CommonSpotVersion>Build 5.0.2.56</CommonSpotVersion><Dependency class="array"></Dependency><ExportedObjects class="array"><Struct><CurrentDataVersion>2007-07-17 09:00:00</CurrentDataVersion><DateLastModified>2009-07-08 11:54:16</DateLastModified><Description>Photo custom element.</Description><GUID>F9822B40-1C23-266A-3273-72E66BC8B7E6</GUID><MinReaderVersion>2007-07-17 09:00:00</MinReaderVersion><Name>Photo</Name><PackageID>1332</PackageID><Type>Custom Element</Type></Struct><Struct><CurrentDataVersion>2007-07-17 09:00:00</CurrentDataVersion><DateLastModified>2009-06-09 12:02:49</DateLastModified><Description>Photo Upload custom field type.</Description><GUID>F9822CE6-1C23-266A-32DF-B57698E287FA</GUID><MinReaderVersion>2007-07-17 09:00:00</MinReaderVersion><Name>Photo Upload</Name><PackageID>1389</PackageID><Type>Custom Field Type</Type></Struct><Struct><CurrentDataVersion>2007-07-17 09:00:00</CurrentDataVersion><DateLastModified>2009-07-06 09:59:32</DateLastModified><Description>Custom Element Select Field to define the CE and CE fields as display and value.  Also, set flag to show/hide, set default value, and give an ID value to the select form field.</Description><GUID>BDF9E347-1C23-266A-321A-9AEBB0D757A6</GUID><MinReaderVersion>2007-07-17 09:00:00</MinReaderVersion><Name>Custom Element Select Field</Name><PackageID>1529</PackageID><Type>Custom Field Type</Type></Struct><Struct><CurrentDataVersion>2007-07-17 09:00:00</CurrentDataVersion><DateLastModified>2009-06-18 16:31:48</DateLastModified><Description>Photo Image Gallery checkbox field that allows for the field to be visible/hidden and set the default value.</Description><GUID>F9822D06-1C23-266A-32C5-AB6A15C7F8EE</GUID><MinReaderVersion>2007-07-17 09:00:00</MinReaderVersion><Name>Photo Image Gallery Checkbox Field</Name><PackageID>1492</PackageID><Type>Custom Field Type</Type></Struct><Struct><CurrentDataVersion>2007-07-17 09:00:00</CurrentDataVersion><DateLastModified>2009-06-10 15:07:10</DateLastModified><Description>Hidden field that can have a specific name.</Description><GUID>C5D1C503-1C23-266A-3240-39554A3A384E</GUID><MinReaderVersion>2007-07-17 09:00:00</MinReaderVersion><Name>Hidden Field With Name</Name><PackageID>1392</PackageID><Type>Custom Field Type</Type></Struct></ExportedObjects><PackageTimestamp>2009-08-04 15:58:40</PackageTimestamp><ServerLicenseID>507168</ServerLicenseID><ServerSchemaVersion>2007-09-06 08:00:00</ServerSchemaVersion><SiteDSN>commonspot-site-photogallery</SiteDSN><SiteDir>C:/data/web/cs501/cs_sites/photogallery</SiteDir><SiteID>9</SiteID><SiteSchemaVersion>2007-09-17 11:25:00</SiteSchemaVersion><UsersDSN>commonspot-users</UsersDSN><UsersSchemaVersion>2007-06-11 17:35:00</UsersSchemaVersion></CommonSpotPacket>
