﻿<?xml version="1.0" encoding="UTF-8"?>
<CustomElement><MappedIDs><MappedID><Name>ElementTypeID</Name><Value>1332</Value><DateLastModified>2009-07-08 11:54:16</DateLastModified></MappedID><MappedID><Name>FieldID</Name><Value>1357</Value><ParentID>1332</ParentID><DateLastModified>2009-07-08 11:54:16</DateLastModified></MappedID><MappedID><Name>FieldID</Name><Value>1359</Value><ParentID>1332</ParentID><DateLastModified>2009-07-08 11:54:16</DateLastModified></MappedID><MappedID><Name>FieldID</Name><Value>1360</Value><ParentID>1332</ParentID><DateLastModified>2009-07-08 11:54:16</DateLastModified></MappedID><MappedID><Name>FieldID</Name><Value>1361</Value><ParentID>1332</ParentID><DateLastModified>2009-07-08 11:54:16</DateLastModified></MappedID><MappedID><Name>FieldID</Name><Value>1391</Value><ParentID>1332</ParentID><DateLastModified>2009-07-08 11:54:16</DateLastModified></MappedID><MappedID><Name>FieldID</Name><Value>1491</Value><ParentID>1332</ParentID><DateLastModified>2009-07-08 11:54:16</DateLastModified></MappedID><MappedID><Name>FieldID</Name><Value>1494</Value><ParentID>1332</ParentID><DateLastModified>2009-07-08 11:54:16</DateLastModified></MappedID><MappedID><Name>FieldID</Name><Value>1436</Value><ParentID>1332</ParentID><DateLastModified>2009-07-08 11:54:16</DateLastModified></MappedID><MappedID><Name>TabID</Name><Value>1333</Value><ParentID>1332</ParentID><DateLastModified>2009-05-28 11:18:28</DateLastModified></MappedID><MappedID><Name>CustomFieldTypeID</Name><Value>1389</Value><DateLastModified>2009-06-09 12:02:49</DateLastModified></MappedID><MappedID><Name>CustomFieldTypeID</Name><Value>1529</Value><DateLastModified>2009-07-06 09:59:32</DateLastModified></MappedID><MappedID><Name>CustomFieldTypeID</Name><Value>1492</Value><DateLastModified>2009-06-18 16:31:48</DateLastModified></MappedID><MappedID><Name>CustomFieldTypeID</Name><Value>1392</Value><DateLastModified>2009-06-10 15:07:10</DateLastModified></MappedID></MappedIDs><CustomFieldTypes><CustomFieldType><ID>1389</ID><Name>Photo Upload</Name><GUID>F9822CE6-1C23-266A-32DF-B57698E287FA</GUID><Description>Photo Upload custom field type.</Description><Module><PropertyModule>/ADF/apps/pt_photo_gallery/customfields/photo_upload_props.cfm</PropertyModule><RenderModule>/ADF/apps/pt_photo_gallery/customfields/photo_upload_render.cfm</RenderModule></Module></CustomFieldType><CustomFieldType><ID>1529</ID><Name>Custom Element Select Field</Name><GUID>BDF9E347-1C23-266A-321A-9AEBB0D757A6</GUID><Description>Custom Element Select Field to define the CE and CE fields as display and value.  Also, set flag to show/hide, set default value, and give an ID value to the select form field.</Description><Module><PropertyModule>/ADF/extensions/customfields/custom_element_select_field/custom_element_select_field_props.cfm</PropertyModule><RenderModule>/ADF/extensions/customfields/custom_element_select_field/custom_element_select_field_render.cfm</RenderModule></Module></CustomFieldType><CustomFieldType><ID>1492</ID><Name>Photo Image Gallery Checkbox Field</Name><GUID>F9822D06-1C23-266A-32C5-AB6A15C7F8EE</GUID><Description>Photo Image Gallery checkbox field that allows for the field to be visible/hidden and set the default value.</Description><Module><PropertyModule>/ADF/apps/pt_photo_gallery/customfields/photo_img_gallery_checkbox_field_props.cfm</PropertyModule><RenderModule>/ADF/apps/pt_photo_gallery/customfields/photo_img_gallery_checkbox_field_render.cfm</RenderModule></Module></CustomFieldType><CustomFieldType><ID>1392</ID><Name>Hidden Field With Name</Name><GUID>C5D1C503-1C23-266A-3240-39554A3A384E</GUID><Description>Hidden field that can have a specific name.</Description><Module><PropertyModule>/ADF/extensions/customfields/hidden_field_with_name/hidden_field_with_name_props.cfm</PropertyModule><RenderModule>/ADF/extensions/customfields/hidden_field_with_name/hidden_field_with_name_render.cfm</RenderModule></Module></CustomFieldType></CustomFieldTypes><FieldDefinitions><FieldDefinition><ID>1357</ID><Name>photoID</Name><ControlName>FIC_photoID</ControlName><Description/><Type>hidden</Type><Properties><FieldDefaultValue>createuuid()</FieldDefaultValue><IsCustomFieldType>0</IsCustomFieldType><IsShared>0</IsShared><Position>1</Position><TabName>Photo</TabName><INPUTPARAMS type="Struct"><DLGTYPE>customelement</DLGTYPE><LABEL>photoID</LABEL><PEDIT/><PREAD/><REQ>No</REQ><TABID>1333</TABID><USESECURITY>0</USESECURITY><USEUDEF>1</USEUDEF></INPUTPARAMS></Properties></FieldDefinition><FieldDefinition><ID>1359</ID><Name>Title</Name><ControlName>FIC_title</ControlName><Description/><Type>text</Type><Properties><IsCustomFieldType>0</IsCustomFieldType><IsShared>0</IsShared><Position>2</Position><TabName>Photo</TabName><INPUTPARAMS type="Struct"><ID>1359</ID><LABEL>Title</LABEL><MAXLENGTH>255</MAXLENGTH><MSG>Please enter a valid Title value</MSG><PEDIT/><PREAD/><READONLY>0</READONLY><REQ>Yes</REQ><SHARED>0</SHARED><SIZE>40</SIZE><USESECURITY>0</USESECURITY><USEUDEF>0</USEUDEF></INPUTPARAMS></Properties></FieldDefinition><FieldDefinition><ID>1360</ID><Name>Caption</Name><ControlName>FIC_caption</ControlName><Description/><Type>text</Type><Properties><IsCustomFieldType>0</IsCustomFieldType><IsShared>0</IsShared><Position>3</Position><TabName>Photo</TabName><INPUTPARAMS type="Struct"><DLGTYPE>customelement</DLGTYPE><LABEL>Caption</LABEL><MAXLENGTH>255</MAXLENGTH><MSG>Please enter a valid Caption value</MSG><PEDIT/><PREAD/><REQ>No</REQ><SIZE>40</SIZE><TABID>1333</TABID><USESECURITY>0</USESECURITY><USEUDEF>0</USEUDEF></INPUTPARAMS></Properties></FieldDefinition><FieldDefinition><ID>1361</ID><Name>Abstract</Name><ControlName>FIC_abstract</ControlName><Description/><Type>large_textarea</Type><Properties><IsCustomFieldType>0</IsCustomFieldType><IsShared>0</IsShared><Position>4</Position><TabName>Photo</TabName><INPUTPARAMS type="Struct"><COLS>40</COLS><DLGTYPE>customelement</DLGTYPE><LABEL>Abstract</LABEL><PEDIT/><PREAD/><REQ>No</REQ><ROWS>4</ROWS><TABID>1333</TABID><USESECURITY>0</USESECURITY><USEUDEF>0</USEUDEF><WRAP>virtual</WRAP></INPUTPARAMS></Properties></FieldDefinition><FieldDefinition><ID>1391</ID><Name>Photo</Name><ControlName>FIC_photo</ControlName><Description/><Type>Photo Upload</Type><Properties><IsCustomFieldType>1</IsCustomFieldType><IsShared>0</IsShared><Position>5</Position><TabName>Photo</TabName><INPUTPARAMS type="Struct"><CATFLDNAME>category</CATFLDNAME><ID>1391</ID><INCLUDEIMGGALLERYFLDNAME>includeImageGallery</INCLUDEIMGGALLERYFLDNAME><LABEL>Photo</LABEL><PEDIT/><PHOTOCATEGORY>8E24655E-1C23-266A-32564DBADF82BC6B</PHOTOCATEGORY><PREAD/><READONLY>0</READONLY><REQ>Yes</REQ><SHARED>0</SHARED><USESECURITY>0</USESECURITY></INPUTPARAMS></Properties></FieldDefinition><FieldDefinition><ID>1491</ID><Name>Category</Name><ControlName>FIC_category</ControlName><Description/><Type>Custom Element Select Field</Type><Properties><IsCustomFieldType>1</IsCustomFieldType><IsShared>0</IsShared><Position>6</Position><TabName>Photo</TabName><INPUTPARAMS type="Struct"><CUSTOMELEMENT>Photo_Category</CUSTOMELEMENT><DEFAULTVAL/><DISPLAYFIELD>Title</DISPLAYFIELD><FLDNAME>category</FLDNAME><ID>1491</ID><LABEL>Category</LABEL><PEDIT/><PREAD/><READONLY>0</READONLY><RENDERFIELD>yes</RENDERFIELD><REQ>Yes</REQ><SHARED>0</SHARED><USESECURITY>0</USESECURITY><VALUEFIELD>categoryID</VALUEFIELD></INPUTPARAMS></Properties></FieldDefinition><FieldDefinition><ID>1494</ID><Name>Include Photo in Image Gallery</Name><ControlName>FIC_includeImageGallery</ControlName><Description/><Type>Photo Image Gallery Checkbox Field</Type><Properties><IsCustomFieldType>1</IsCustomFieldType><IsShared>0</IsShared><Position>8</Position><TabName>Photo</TabName><INPUTPARAMS type="Struct"><DEFAULTVAL>yes</DEFAULTVAL><FLDNAME>includeImageGallery</FLDNAME><ID>1494</ID><IMGGALLERYPAGEIDFLDNAME>imgGalleryPageID</IMGGALLERYPAGEIDFLDNAME><LABEL>Include Photo in Image Gallery</LABEL><PEDIT/><PREAD/><READONLY>0</READONLY><RENDERFIELD>yes</RENDERFIELD><REQ>No</REQ><SHARED>0</SHARED><USESECURITY>0</USESECURITY></INPUTPARAMS></Properties></FieldDefinition><FieldDefinition><ID>1436</ID><Name>Image Gallery PageID</Name><ControlName>FIC_imgGalleryPageID</ControlName><Description/><Type>Hidden Field With Name</Type><Properties><IsCustomFieldType>1</IsCustomFieldType><IsShared>0</IsShared><Position>9</Position><TabName>Photo</TabName><INPUTPARAMS type="Struct"><FLDNAME>imgGalleryPageID</FLDNAME><ID>1436</ID><LABEL>Image Gallery PageID</LABEL><PEDIT/><PREAD/><READONLY>0</READONLY><REQ>No</REQ><SHARED>0</SHARED><USESECURITY>0</USESECURITY></INPUTPARAMS></Properties></FieldDefinition></FieldDefinitions><TabDefinitions><TabDefinition><ID>1333</ID><DisplayName>Photo</DisplayName><SortName>photo</SortName></TabDefinition></TabDefinitions><ObjectParams><Name>Photo</Name><GUID>F9822B40-1C23-266A-3273-72E66BC8B7E6</GUID><ExportedObjectType>Custom Element</ExportedObjectType><Description>Photo custom element.</Description><Category>Photo Gallery Elements</Category><GlobalElement>1</GlobalElement><IndexElement>0</IndexElement></ObjectParams></CustomElement>
