﻿<FileList class="array"><Struct><Filename>custom_element_select_field_props.cfm</Filename><Filepath>C:/data/web/ADF/extensions/customfields/custom_element_select_field</Filepath><Fullname>C:/data/web/ADF/extensions/customfields/custom_element_select_field/custom_element_select_field_props.cfm</Fullname><LastModifiedOn>March 29, 2010 6:38:36 PM EDT</LastModifiedOn><LastModifiedTimeStamp>1269902316817</LastModifiedTimeStamp><MD5>850e25ae4c2a59d45bed62d00698253a</MD5><Status>Success</Status><Zippath>/data/web/ADF/extensions/customfields/custom_element_select_field/custom_element_select_field_props.cfm</Zippath></Struct><Struct><Filename>custom_element_select_field_render.cfm</Filename><Filepath>C:/data/web/ADF/extensions/customfields/custom_element_select_field</Filepath><Fullname>C:/data/web/ADF/extensions/customfields/custom_element_select_field/custom_element_select_field_render.cfm</Fullname><LastModifiedOn>March 29, 2010 6:14:53 PM EDT</LastModifiedOn><LastModifiedTimeStamp>1269900893565</LastModifiedTimeStamp><MD5>0a25534351437b3c211cc0e71d1f39ad</MD5><Status>Success</Status><Zippath>/data/web/ADF/extensions/customfields/custom_element_select_field/custom_element_select_field_render.cfm</Zippath></Struct><Struct><Filename>photo_upload_props.cfm</Filename><Filepath>C:/data/web/Apps/pt_photo_gallery/customfields</Filepath><Fullname>C:/data/web/Apps/pt_photo_gallery/customfields/photo_upload_props.cfm</Fullname><LastModifiedOn>August 19, 2009 10:01:29 AM EDT</LastModifiedOn><LastModifiedTimeStamp>1250690489793</LastModifiedTimeStamp><MD5>c58b9f27edc471fe7e0fc134ccc98b01</MD5><Status>Success</Status><Zippath>/data/web/Apps/pt_photo_gallery/customfields/photo_upload_props.cfm</Zippath></Struct><Struct><Filename>photo_upload_render.cfm</Filename><Filepath>C:/data/web/Apps/pt_photo_gallery/customfields</Filepath><Fullname>C:/data/web/Apps/pt_photo_gallery/customfields/photo_upload_render.cfm</Fullname><LastModifiedOn>March 17, 2010 1:39:39 PM EDT</LastModifiedOn><LastModifiedTimeStamp>1268847579959</LastModifiedTimeStamp><MD5>b068bcfc872e50ba22e10e4d9e9b8b24</MD5><Status>Success</Status><Zippath>/data/web/Apps/pt_photo_gallery/customfields/photo_upload_render.cfm</Zippath></Struct><Struct><Filename>photo_img_gallery_checkbox_field_props.cfm</Filename><Filepath>C:/data/web/Apps/pt_photo_gallery/customfields</Filepath><Fullname>C:/data/web/Apps/pt_photo_gallery/customfields/photo_img_gallery_checkbox_field_props.cfm</Fullname><LastModifiedOn>August 19, 2009 10:01:29 AM EDT</LastModifiedOn><LastModifiedTimeStamp>1250690489793</LastModifiedTimeStamp><MD5>3b6106f8f5249d9ee8908af39154981b</MD5><Status>Success</Status><Zippath>/data/web/Apps/pt_photo_gallery/customfields/photo_img_gallery_checkbox_field_props.cfm</Zippath></Struct><Struct><Filename>photo_img_gallery_checkbox_field_render.cfm</Filename><Filepath>C:/data/web/Apps/pt_photo_gallery/customfields</Filepath><Fullname>C:/data/web/Apps/pt_photo_gallery/customfields/photo_img_gallery_checkbox_field_render.cfm</Fullname><LastModifiedOn>August 19, 2009 10:01:29 AM EDT</LastModifiedOn><LastModifiedTimeStamp>1250690489793</LastModifiedTimeStamp><MD5>47e039725476b5a10b7642b7970b78cf</MD5><Status>Success</Status><Zippath>/data/web/Apps/pt_photo_gallery/customfields/photo_img_gallery_checkbox_field_render.cfm</Zippath></Struct><Struct><Filename>custom_hidden_field_props.cfm</Filename><Filepath>C:/data/web/ADF/extensions/customfields/custom_hidden_field</Filepath><Fullname>C:/data/web/ADF/extensions/customfields/custom_hidden_field/custom_hidden_field_props.cfm</Fullname><LastModifiedOn>March 29, 2010 5:37:19 PM EDT</LastModifiedOn><LastModifiedTimeStamp>1269898639000</LastModifiedTimeStamp><MD5>07d4749b978f4d6b56a742626f479bf1</MD5><Status>Success</Status><Zippath>/data/web/ADF/extensions/customfields/custom_hidden_field/custom_hidden_field_props.cfm</Zippath></Struct><Struct><Filename>custom_hidden_field_render.cfm</Filename><Filepath>C:/data/web/ADF/extensions/customfields/custom_hidden_field</Filepath><Fullname>C:/data/web/ADF/extensions/customfields/custom_hidden_field/custom_hidden_field_render.cfm</Fullname><LastModifiedOn>March 29, 2010 5:37:19 PM EDT</LastModifiedOn><LastModifiedTimeStamp>1269898639000</LastModifiedTimeStamp><MD5>e2542129f91c9b5ad36d2ee7fe11d8e8</MD5><Status>Success</Status><Zippath>/data/web/ADF/extensions/customfields/custom_hidden_field/custom_hidden_field_render.cfm</Zippath></Struct></FileList>
