﻿<FileList class="array"><Struct><Filename>custom_element_select_field_props.cfm</Filename><Filepath>C:/data/web/ADF/extensions/customfields/custom_element_select_field</Filepath><Fullname>C:/data/web/ADF/extensions/customfields/custom_element_select_field/custom_element_select_field_props.cfm</Fullname><LastModifiedOn>September 17, 2010 12:12:39 PM EDT</LastModifiedOn><LastModifiedTimeStamp>1284739959921</LastModifiedTimeStamp><MD5>2f767aa6d3ccd842808db5e49188560e</MD5><Status>Success</Status><Zippath>/data/web/ADF/extensions/customfields/custom_element_select_field/custom_element_select_field_props.cfm</Zippath></Struct><Struct><Filename>custom_element_select_field_render.cfm</Filename><Filepath>C:/data/web/ADF/extensions/customfields/custom_element_select_field</Filepath><Fullname>C:/data/web/ADF/extensions/customfields/custom_element_select_field/custom_element_select_field_render.cfm</Fullname><LastModifiedOn>September 17, 2010 1:06:12 PM EDT</LastModifiedOn><LastModifiedTimeStamp>1284743172047</LastModifiedTimeStamp><MD5>f70a49829d49da492142dafc9b0da25a</MD5><Status>Success</Status><Zippath>/data/web/ADF/extensions/customfields/custom_element_select_field/custom_element_select_field_render.cfm</Zippath></Struct><Struct><Filename>photo_upload_props.cfm</Filename><Filepath>C:/data/web/Apps/pt_photo_gallery/customfields</Filepath><Fullname>C:/data/web/Apps/pt_photo_gallery/customfields/photo_upload_props.cfm</Fullname><LastModifiedOn>April 30, 2010 1:48:06 PM EDT</LastModifiedOn><LastModifiedTimeStamp>1272649686342</LastModifiedTimeStamp><MD5>fb9448f5636e4b0ff41946bdce436c0c</MD5><Status>Success</Status><Zippath>/data/web/Apps/pt_photo_gallery/customfields/photo_upload_props.cfm</Zippath></Struct><Struct><Filename>photo_upload_render.cfm</Filename><Filepath>C:/data/web/Apps/pt_photo_gallery/customfields</Filepath><Fullname>C:/data/web/Apps/pt_photo_gallery/customfields/photo_upload_render.cfm</Fullname><LastModifiedOn>September 3, 2010 5:00:28 PM EDT</LastModifiedOn><LastModifiedTimeStamp>1283547628141</LastModifiedTimeStamp><MD5>bd055870ab65682ea6f789ca76a21b25</MD5><Status>Success</Status><Zippath>/data/web/Apps/pt_photo_gallery/customfields/photo_upload_render.cfm</Zippath></Struct><Struct><Filename>photo_img_gallery_checkbox_field_props.cfm</Filename><Filepath>C:/data/web/Apps/pt_photo_gallery/customfields</Filepath><Fullname>C:/data/web/Apps/pt_photo_gallery/customfields/photo_img_gallery_checkbox_field_props.cfm</Fullname><LastModifiedOn>April 30, 2010 1:44:37 PM EDT</LastModifiedOn><LastModifiedTimeStamp>1272649477762</LastModifiedTimeStamp><MD5>0a6c0c628178a76c69cf8965287e889d</MD5><Status>Success</Status><Zippath>/data/web/Apps/pt_photo_gallery/customfields/photo_img_gallery_checkbox_field_props.cfm</Zippath></Struct><Struct><Filename>photo_img_gallery_checkbox_field_render.cfm</Filename><Filepath>C:/data/web/Apps/pt_photo_gallery/customfields</Filepath><Fullname>C:/data/web/Apps/pt_photo_gallery/customfields/photo_img_gallery_checkbox_field_render.cfm</Fullname><LastModifiedOn>August 19, 2010 12:48:45 PM EDT</LastModifiedOn><LastModifiedTimeStamp>1282236525571</LastModifiedTimeStamp><MD5>94431dc86041d302e654fa1efeec4450</MD5><Status>Success</Status><Zippath>/data/web/Apps/pt_photo_gallery/customfields/photo_img_gallery_checkbox_field_render.cfm</Zippath></Struct><Struct><Filename>custom_hidden_field_props.cfm</Filename><Filepath>C:/data/web/ADF/extensions/customfields/custom_hidden_field</Filepath><Fullname>C:/data/web/ADF/extensions/customfields/custom_hidden_field/custom_hidden_field_props.cfm</Fullname><LastModifiedOn>July 13, 2010 8:18:23 AM EDT</LastModifiedOn><LastModifiedTimeStamp>1279023503690</LastModifiedTimeStamp><MD5>07d4749b978f4d6b56a742626f479bf1</MD5><Status>Success</Status><Zippath>/data/web/ADF/extensions/customfields/custom_hidden_field/custom_hidden_field_props.cfm</Zippath></Struct><Struct><Filename>custom_hidden_field_render.cfm</Filename><Filepath>C:/data/web/ADF/extensions/customfields/custom_hidden_field</Filepath><Fullname>C:/data/web/ADF/extensions/customfields/custom_hidden_field/custom_hidden_field_render.cfm</Fullname><LastModifiedOn>July 13, 2010 8:18:23 AM EDT</LastModifiedOn><LastModifiedTimeStamp>1279023503690</LastModifiedTimeStamp><MD5>e2542129f91c9b5ad36d2ee7fe11d8e8</MD5><Status>Success</Status><Zippath>/data/web/ADF/extensions/customfields/custom_hidden_field/custom_hidden_field_render.cfm</Zippath></Struct></FileList>
