<?xml version="1.0" encoding="UTF-8"?>
<FileList><File><Zippath>/data/web/ADF/apps/pt_photo_gallery/customfields/photo_upload_props.cfm</Zippath><Fullname>C:/data/web/ADF/apps/pt_photo_gallery/customfields/photo_upload_props.cfm</Fullname><Status>Success</Status><LastModifiedTimeStamp>1249415012734</LastModifiedTimeStamp><Filepath>C:/data/web/ADF/apps/pt_photo_gallery/customfields</Filepath><LastModifiedOn>August 4, 2009 3:43:32 PM EDT</LastModifiedOn><MD5>c58b9f27edc471fe7e0fc134ccc98b01</MD5><Filename>photo_upload_props.cfm</Filename></File><File><Zippath>/data/web/ADF/apps/pt_photo_gallery/customfields/photo_upload_render.cfm</Zippath><Fullname>C:/data/web/ADF/apps/pt_photo_gallery/customfields/photo_upload_render.cfm</Fullname><Status>Success</Status><LastModifiedTimeStamp>1249415017733</LastModifiedTimeStamp><Filepath>C:/data/web/ADF/apps/pt_photo_gallery/customfields</Filepath><LastModifiedOn>August 4, 2009 3:43:37 PM EDT</LastModifiedOn><MD5>657d3775a7011e60c611b054f800ca0f</MD5><Filename>photo_upload_render.cfm</Filename></File><File><Zippath>/data/web/ADF/extensions/customfields/custom_element_select_field/custom_element_select_field_props.cfm</Zippath><Fullname>C:/data/web/ADF/extensions/customfields/custom_element_select_field/custom_element_select_field_props.cfm</Fullname><Status>Success</Status><LastModifiedTimeStamp>1248380252174</LastModifiedTimeStamp><Filepath>C:/data/web/ADF/extensions/customfields/custom_element_select_field</Filepath><LastModifiedOn>July 23, 2009 4:17:32 PM EDT</LastModifiedOn><MD5>699a15a77d760573e334cc2ee356aeba</MD5><Filename>custom_element_select_field_props.cfm</Filename></File><File><Zippath>/data/web/ADF/extensions/customfields/custom_element_select_field/custom_element_select_field_render.cfm</Zippath><Fullname>C:/data/web/ADF/extensions/customfields/custom_element_select_field/custom_element_select_field_render.cfm</Fullname><Status>Success</Status><LastModifiedTimeStamp>1248744610602</LastModifiedTimeStamp><Filepath>C:/data/web/ADF/extensions/customfields/custom_element_select_field</Filepath><LastModifiedOn>July 27, 2009 9:30:10 PM EDT</LastModifiedOn><MD5>177539dacba442f64209a4e683fa4a42</MD5><Filename>custom_element_select_field_render.cfm</Filename></File><File><Zippath>/data/web/ADF/apps/pt_photo_gallery/customfields/photo_img_gallery_checkbox_field_props.cfm</Zippath><Fullname>C:/data/web/ADF/apps/pt_photo_gallery/customfields/photo_img_gallery_checkbox_field_props.cfm</Fullname><Status>Success</Status><LastModifiedTimeStamp>1249414887318</LastModifiedTimeStamp><Filepath>C:/data/web/ADF/apps/pt_photo_gallery/customfields</Filepath><LastModifiedOn>August 4, 2009 3:41:27 PM EDT</LastModifiedOn><MD5>3b6106f8f5249d9ee8908af39154981b</MD5><Filename>photo_img_gallery_checkbox_field_props.cfm</Filename></File><File><Zippath>/data/web/ADF/apps/pt_photo_gallery/customfields/photo_img_gallery_checkbox_field_render.cfm</Zippath><Fullname>C:/data/web/ADF/apps/pt_photo_gallery/customfields/photo_img_gallery_checkbox_field_render.cfm</Fullname><Status>Success</Status><LastModifiedTimeStamp>1249414893691</LastModifiedTimeStamp><Filepath>C:/data/web/ADF/apps/pt_photo_gallery/customfields</Filepath><LastModifiedOn>August 4, 2009 3:41:33 PM EDT</LastModifiedOn><MD5>47e039725476b5a10b7642b7970b78cf</MD5><Filename>photo_img_gallery_checkbox_field_render.cfm</Filename></File><File><Zippath>/data/web/ADF/extensions/customfields/hidden_field_with_name/hidden_field_with_name_props.cfm</Zippath><Fullname>C:/data/web/ADF/extensions/customfields/hidden_field_with_name/hidden_field_with_name_props.cfm</Fullname><Status>Success</Status><LastModifiedTimeStamp>1248380253033</LastModifiedTimeStamp><Filepath>C:/data/web/ADF/extensions/customfields/hidden_field_with_name</Filepath><LastModifiedOn>July 23, 2009 4:17:33 PM EDT</LastModifiedOn><MD5>a04a4c3ffc6639f489a48a70ee0e9c22</MD5><Filename>hidden_field_with_name_props.cfm</Filename></File><File><Zippath>/data/web/ADF/extensions/customfields/hidden_field_with_name/hidden_field_with_name_render.cfm</Zippath><Fullname>C:/data/web/ADF/extensions/customfields/hidden_field_with_name/hidden_field_with_name_render.cfm</Fullname><Status>Success</Status><LastModifiedTimeStamp>1248380253080</LastModifiedTimeStamp><Filepath>C:/data/web/ADF/extensions/customfields/hidden_field_with_name</Filepath><LastModifiedOn>July 23, 2009 4:17:33 PM EDT</LastModifiedOn><MD5>e837d5258d04c904d3efd27cdffe362e</MD5><Filename>hidden_field_with_name_render.cfm</Filename></File></FileList>