﻿<CommonSpotPacket type="Struct"><CheckADF>C:/data/web/ADF/</CheckADF><CommonSpotDir>C:/data/web/cs60/commonspot</CommonSpotDir><CommonSpotVersion>Internal Build 6.0.0.669</CommonSpotVersion><Dependency class="array"></Dependency><ExportedObjects class="array"><Struct><CurrentDataVersion>2007-07-17 09:00:00</CurrentDataVersion><DateLastModified>2010-03-24 19:51:52</DateLastModified><Description>ADF PT Photo Gallery Application Configuration Custom Element</Description><GUID>B70AA756-0443-7ABE-6C76-BF41EBB2FA10</GUID><MinReaderVersion>2007-07-17 09:00:00</MinReaderVersion><Name>PTPhotoGallery Configuration</Name><PackageID>1591</PackageID><Type>Custom Element</Type></Struct><Struct><CurrentDataVersion>2007-07-17 09:00:00</CurrentDataVersion><DateLastModified>2010-03-24 16:42:03</DateLastModified><Description>Custom element select tool.</Description><GUID>B70AA776-AF13-0C8E-0C6A-3FCDAED970D2</GUID><MinReaderVersion>2007-07-17 09:00:00</MinReaderVersion><Name>CE Select</Name><PackageID>1623</PackageID><Type>Custom Field Type</Type></Struct></ExportedObjects><PackageTimestamp>2010-03-31 21:44:43</PackageTimestamp><ServerLicenseID>507168</ServerLicenseID><ServerSchemaVersion>2010-02-26 13:00:00</ServerSchemaVersion><SiteDSN>commonspot-site-live</SiteDSN><SiteDir>C:/data/web/cs60/cs_sites/live</SiteDir><SiteID>2</SiteID><SiteSchemaVersion>2010-03-25 16:00:00</SiteSchemaVersion><UsersDSN>commonspot-users</UsersDSN><UsersSchemaVersion>2010-02-26 13:00:00</UsersSchemaVersion></CommonSpotPacket>
