﻿<?xml version="1.0" encoding="UTF-8"?>
<CustomElement><MappedIDs><MappedID><Name>ElementTypeID</Name><Value>2232</Value><DateLastModified>2010-04-30 08:41:08</DateLastModified></MappedID><MappedID><Name>FieldID</Name><Value>2234</Value><ParentID>2232</ParentID><DateLastModified>2010-04-30 08:41:08</DateLastModified></MappedID><MappedID><Name>FieldID</Name><Value>2236</Value><ParentID>2232</ParentID><DateLastModified>2010-04-30 08:41:08</DateLastModified></MappedID><MappedID><Name>FieldID</Name><Value>2238</Value><ParentID>2232</ParentID><DateLastModified>2010-04-30 08:41:08</DateLastModified></MappedID><MappedID><Name>FieldID</Name><Value>2239</Value><ParentID>2232</ParentID><DateLastModified>2010-04-30 08:41:08</DateLastModified></MappedID><MappedID><Name>FieldID</Name><Value>2241</Value><ParentID>2232</ParentID><DateLastModified>2010-04-30 08:41:08</DateLastModified></MappedID><MappedID><Name>FieldID</Name><Value>2243</Value><ParentID>2232</ParentID><DateLastModified>2010-04-30 08:41:08</DateLastModified></MappedID><MappedID><Name>FieldID</Name><Value>2367</Value><ParentID>2232</ParentID><DateLastModified>2010-04-30 08:41:08</DateLastModified></MappedID><MappedID><Name>TabID</Name><Value>2233</Value><ParentID>2232</ParentID><DateLastModified>2010-04-23 17:34:09</DateLastModified></MappedID></MappedIDs><FieldDefinitions><FieldDefinition><ID>2234</ID><Name>ADD URL</Name><ControlName>FIC_ADD_URL</ControlName><Description/><Type>cs_url</Type><Properties><FieldDefaultValue>photogalleryadmin/lightbox/Photo-Add.cfm</FieldDefaultValue><IsCustomFieldType>0</IsCustomFieldType><IsShared>0</IsShared><Position>3</Position><TabName>PtPhotoGallery Configuration</TabName><INPUTPARAMS type="Struct"><ID>2234.0</ID><LABEL>ADD URL</LABEL><PEDIT/><PREAD/><READONLY>0</READONLY><REQ>No</REQ><SHARED>0</SHARED><TABID>2233.0</TABID><USESECURITY>0</USESECURITY><USEUDEF>0</USEUDEF></INPUTPARAMS></Properties></FieldDefinition><FieldDefinition><ID>2236</ID><Name>UPLOAD FORM URL</Name><ControlName>FIC_UPLOAD_FORM_URL</ControlName><Description/><Type>cs_url</Type><Properties><FieldDefaultValue>photogalleryadmin/lightbox/Photo-Upload.cfm</FieldDefaultValue><IsCustomFieldType>0</IsCustomFieldType><IsShared>0</IsShared><Position>4</Position><TabName>PtPhotoGallery Configuration</TabName><INPUTPARAMS type="Struct"><ID>2236.0</ID><LABEL>UPLOAD FORM URL</LABEL><PEDIT/><PREAD/><READONLY>0</READONLY><REQ>No</REQ><SHARED>0</SHARED><TABID>2233.0</TABID><USESECURITY>0</USESECURITY><USEUDEF>0</USEUDEF></INPUTPARAMS></Properties></FieldDefinition><FieldDefinition><ID>2238</ID><Name>DISPLAY URL</Name><ControlName>FIC_DISPLAY_URL</ControlName><Description/><Type>cs_url</Type><Properties><IsCustomFieldType>0</IsCustomFieldType><IsShared>0</IsShared><Position>5</Position><TabName>PtPhotoGallery Configuration</TabName><INPUTPARAMS type="Struct"><ID>2238.0</ID><LABEL>DISPLAY URL</LABEL><PEDIT/><PREAD/><READONLY>0</READONLY><REQ>No</REQ><SHARED>0</SHARED><TABID>2233.0</TABID><USESECURITY>0</USESECURITY><USEUDEF>0</USEUDEF></INPUTPARAMS></Properties></FieldDefinition><FieldDefinition><ID>2239</ID><Name>UPLOAD URL</Name><ControlName>FIC_UPLOAD_URL</ControlName><Description/><Type>text</Type><Properties><FieldDefaultValue>/mysite/_cs_apps/pt_photo_gallery/uploads/</FieldDefaultValue><IsCustomFieldType>0</IsCustomFieldType><IsShared>0</IsShared><Position>6</Position><TabName>PtPhotoGallery Configuration</TabName><INPUTPARAMS type="Struct"><COOKIEFIELD/><ID>2239.0</ID><LABEL>UPLOAD URL</LABEL><MAXLENGTH>255</MAXLENGTH><MSG>Please enter a valid UPLOAD URL value</MSG><PEDIT/><PREAD/><READONLY>0</READONLY><REQ>No</REQ><SHARED>0</SHARED><SIZE>40</SIZE><TABID>2233.0</TABID><USESECURITY>0</USESECURITY><USEUDEF>0</USEUDEF></INPUTPARAMS></Properties></FieldDefinition><FieldDefinition><ID>2241</ID><Name>UPLOAD PATH</Name><ControlName>FIC_UPLOAD_PATH</ControlName><Description/><Type>text</Type><Properties><FieldDefaultValue>C:/data/web/cs51/cs_sites/mysite/_cs_apps/pt_photo_gallery/uploads/</FieldDefaultValue><IsCustomFieldType>0</IsCustomFieldType><IsShared>0</IsShared><Position>7</Position><TabName>PtPhotoGallery Configuration</TabName><INPUTPARAMS type="Struct"><COOKIEFIELD/><ID>2241.0</ID><LABEL>UPLOAD PATH</LABEL><MAXLENGTH>255</MAXLENGTH><MSG>Please enter a valid UPLOAD PATH value</MSG><PEDIT/><PREAD/><READONLY>0</READONLY><REQ>No</REQ><SHARED>0</SHARED><SIZE>40</SIZE><TABID>2233.0</TABID><USESECURITY>0</USESECURITY><USEUDEF>0</USEUDEF></INPUTPARAMS></Properties></FieldDefinition><FieldDefinition><ID>2243</ID><Name>UPLOAD DOC TYPES</Name><ControlName>FIC_UPLOAD_DOC_TYPES</ControlName><Description/><Type>text</Type><Properties><FieldDefaultValue>jpg,gif,bmp,png</FieldDefaultValue><IsCustomFieldType>0</IsCustomFieldType><IsShared>0</IsShared><Position>8</Position><TabName>PtPhotoGallery Configuration</TabName><INPUTPARAMS type="Struct"><DLGTYPE>customelement</DLGTYPE><LABEL>UPLOAD DOC TYPES</LABEL><MAXLENGTH>255</MAXLENGTH><MSG>Please enter a valid UPLOAD DOC TYPES value</MSG><PEDIT/><PREAD/><REQ>No</REQ><SIZE>40</SIZE><TABID>2233.0</TABID><USESECURITY>0</USESECURITY><USEUDEF>0</USEUDEF></INPUTPARAMS></Properties></FieldDefinition><FieldDefinition><ID>2367</ID><Name>UPLOAD_CROP_URL</Name><ControlName>FIC_UPLOAD_CROP_URL</ControlName><Description/><Type>cs_url</Type><Properties><IsCustomFieldType>0</IsCustomFieldType><IsShared>0</IsShared><Position>9</Position><TabName>PtPhotoGallery Configuration</TabName><INPUTPARAMS type="Struct"><DLGTYPE>customelement</DLGTYPE><LABEL>UPLOAD_CROP_URL</LABEL><PEDIT/><PREAD/><REQ>No</REQ><TABID>2233</TABID><USESECURITY>0</USESECURITY><USEUDEF>0</USEUDEF></INPUTPARAMS></Properties></FieldDefinition></FieldDefinitions><TabDefinitions><TabDefinition><ID>2233</ID><DisplayName>PtPhotoGallery Configuration</DisplayName><SortName>ptphotogallery-configuration</SortName></TabDefinition></TabDefinitions><ObjectParams><Name>PTPhotoGallery Configuration</Name><GUID>59AAF5EB-1C23-266A-32D0-1CBED6FBEC53</GUID><ExportedObjectType>Custom Element</ExportedObjectType><Description>ADF PT Photo Gallery Application Configuration Custom Element</Description><Category>Photo Gallery Elements</Category><GlobalElement>1</GlobalElement><IndexElement>0</IndexElement></ObjectParams></CustomElement>
