﻿<?xml version="1.0" encoding="UTF-8"?>
<CustomElement><MappedIDs><MappedID><Name>ElementTypeID</Name><Value>1591</Value><DateLastModified>2010-03-24 19:51:52</DateLastModified></MappedID><MappedID><Name>FieldID</Name><Value>1593</Value><ParentID>1591</ParentID><DateLastModified>2010-03-24 19:51:52</DateLastModified></MappedID><MappedID><Name>FieldID</Name><Value>1595</Value><ParentID>1591</ParentID><DateLastModified>2010-03-24 19:51:52</DateLastModified></MappedID><MappedID><Name>FieldID</Name><Value>1597</Value><ParentID>1591</ParentID><DateLastModified>2010-03-24 19:51:52</DateLastModified></MappedID><MappedID><Name>FieldID</Name><Value>1599</Value><ParentID>1591</ParentID><DateLastModified>2010-03-24 19:51:52</DateLastModified></MappedID><MappedID><Name>FieldID</Name><Value>1603</Value><ParentID>1591</ParentID><DateLastModified>2010-03-24 19:51:52</DateLastModified></MappedID><MappedID><Name>FieldID</Name><Value>1601</Value><ParentID>1591</ParentID><DateLastModified>2010-03-24 19:51:52</DateLastModified></MappedID><MappedID><Name>FieldID</Name><Value>1605</Value><ParentID>1591</ParentID><DateLastModified>2010-03-24 19:51:52</DateLastModified></MappedID><MappedID><Name>TabID</Name><Value>1592</Value><ParentID>1591</ParentID><DateLastModified>2010-03-24 15:19:01</DateLastModified></MappedID><MappedID><Name>CustomFieldTypeID</Name><Value>1623</Value><DateLastModified>2010-03-24 16:42:03</DateLastModified></MappedID></MappedIDs><CustomFieldTypes><CustomFieldType><ID>1623</ID><Name>CE Select</Name><GUID>B70AA776-AF13-0C8E-0C6A-3FCDAED970D2</GUID><Description>Custom element select tool.</Description><CSDataType/><Module><PropertyModule>/ADF/extensions/customfields/ce_select/ce_select_props.cfm</PropertyModule><RenderModule>/ADF/extensions/customfields/ce_select/ce_select_render.cfm</RenderModule></Module></CustomFieldType></CustomFieldTypes><FieldDefinitions><FieldDefinition><ID>1593</ID><Name>CE NAME</Name><ControlName>FIC_CE_NAME</ControlName><Description/><Type>hidden</Type><Properties><FieldDefaultValue>0</FieldDefaultValue><IsCustomFieldType>0</IsCustomFieldType><IsShared>0</IsShared><Position>1</Position><TabName>PtPhotoGallery Configuration</TabName><INPUTPARAMS type="Struct"><ID>1593</ID><LABEL>CE NAME</LABEL><PEDIT/><PREAD/><READONLY>0</READONLY><REQ>No</REQ><SHARED>0</SHARED><USESECURITY>0</USESECURITY><USEUDEF>0</USEUDEF></INPUTPARAMS></Properties></FieldDefinition><FieldDefinition><ID>1595</ID><Name>CE FORM ID</Name><ControlName>FIC_CE_FORM_ID</ControlName><Description/><Type>CE Select</Type><Properties><FieldDefaultValue>application.ptPhotoGallery.cedata.getFormIDByCEName(&amp;#39;Photo&amp;#39;)</FieldDefaultValue><IsCustomFieldType>1</IsCustomFieldType><IsShared>0</IsShared><Position>2</Position><TabName>PtPhotoGallery Configuration</TabName><INPUTPARAMS type="Struct"><CEFLDSFIELDID/><FIELDID/><ID>1595</ID><LABEL>CE FORM ID</LABEL><PEDIT/><PREAD/><READONLY>0</READONLY><REQ>Yes</REQ><SHARED>0</SHARED><USESECURITY>0</USESECURITY></INPUTPARAMS></Properties></FieldDefinition><FieldDefinition><ID>1597</ID><Name>ADD URL</Name><ControlName>FIC_ADD_URL</ControlName><Description/><Type>cs_url</Type><Properties><FieldDefaultValue>photogalleryadmin/lightbox/Photo-Add.cfm</FieldDefaultValue><IsCustomFieldType>0</IsCustomFieldType><IsShared>0</IsShared><Position>3</Position><TabName>PtPhotoGallery Configuration</TabName><INPUTPARAMS type="Struct"><ID>1597</ID><LABEL>ADD URL</LABEL><PEDIT/><PREAD/><READONLY>0</READONLY><REQ>No</REQ><SHARED>0</SHARED><USESECURITY>0</USESECURITY><USEUDEF>0</USEUDEF></INPUTPARAMS></Properties></FieldDefinition><FieldDefinition><ID>1599</ID><Name>UPLOAD FORM URL</Name><ControlName>FIC_UPLOAD_FORM_URL</ControlName><Description/><Type>cs_url</Type><Properties><FieldDefaultValue>photogalleryadmin/lightbox/Photo-Upload.cfm</FieldDefaultValue><IsCustomFieldType>0</IsCustomFieldType><IsShared>0</IsShared><Position>4</Position><TabName>PtPhotoGallery Configuration</TabName><INPUTPARAMS type="Struct"><ID>1599</ID><LABEL>UPLOAD FORM URL</LABEL><PEDIT/><PREAD/><READONLY>0</READONLY><REQ>No</REQ><SHARED>0</SHARED><USESECURITY>0</USESECURITY><USEUDEF>0</USEUDEF></INPUTPARAMS></Properties></FieldDefinition><FieldDefinition><ID>1603</ID><Name>UPLOAD URL</Name><ControlName>FIC_UPLOAD_URL</ControlName><Description/><Type>text</Type><Properties><FieldDefaultValue>/mysite/_cs_apps/pt_photo_gallery/uploads/</FieldDefaultValue><IsCustomFieldType>0</IsCustomFieldType><IsShared>0</IsShared><Position>5</Position><TabName>PtPhotoGallery Configuration</TabName><INPUTPARAMS type="Struct"><COOKIEFIELD/><ID>1603</ID><LABEL>UPLOAD URL</LABEL><MAXLENGTH>255</MAXLENGTH><MSG>Please enter a valid UPLOAD URL value</MSG><PEDIT/><PREAD/><READONLY>0</READONLY><REQ>No</REQ><SHARED>0</SHARED><SIZE>40</SIZE><USESECURITY>0</USESECURITY><USEUDEF>0</USEUDEF></INPUTPARAMS></Properties></FieldDefinition><FieldDefinition><ID>1601</ID><Name>UPLOAD PATH</Name><ControlName>FIC_UPLOAD_PATH</ControlName><Description/><Type>text</Type><Properties><FieldDefaultValue>C:/data/web/cs51/cs_sites/mysite/_cs_apps/pt_photo_gallery/uploads/</FieldDefaultValue><IsCustomFieldType>0</IsCustomFieldType><IsShared>0</IsShared><Position>6</Position><TabName>PtPhotoGallery Configuration</TabName><INPUTPARAMS type="Struct"><COOKIEFIELD/><ID>1601</ID><LABEL>UPLOAD PATH</LABEL><MAXLENGTH>255</MAXLENGTH><MSG>Please enter a valid UPLOAD PATH value</MSG><PEDIT/><PREAD/><READONLY>0</READONLY><REQ>No</REQ><SHARED>0</SHARED><SIZE>40</SIZE><USESECURITY>0</USESECURITY><USEUDEF>0</USEUDEF></INPUTPARAMS></Properties></FieldDefinition><FieldDefinition><ID>1605</ID><Name>UPLOAD DOC TYPES</Name><ControlName>FIC_UPLOAD_DOC_TYPES</ControlName><Description/><Type>text</Type><Properties><FieldDefaultValue>jpg,gif,bmp,png</FieldDefaultValue><IsCustomFieldType>0</IsCustomFieldType><IsShared>0</IsShared><Position>7</Position><TabName>PtPhotoGallery Configuration</TabName><INPUTPARAMS type="Struct"><DLGTYPE>customelement</DLGTYPE><LABEL>UPLOAD DOC TYPES</LABEL><MAXLENGTH>255</MAXLENGTH><MSG>Please enter a valid UPLOAD DOC TYPES value</MSG><PEDIT/><PREAD/><REQ>No</REQ><SIZE>40</SIZE><TABID>1592.0</TABID><USESECURITY>0</USESECURITY><USEUDEF>0</USEUDEF></INPUTPARAMS></Properties></FieldDefinition></FieldDefinitions><TabDefinitions><TabDefinition><ID>1592</ID><DisplayName>PtPhotoGallery Configuration</DisplayName><SortName>ptphotogallery-configuration</SortName></TabDefinition></TabDefinitions><ObjectParams><Name>PTPhotoGallery Configuration</Name><GUID>B70AA756-0443-7ABE-6C76-BF41EBB2FA10</GUID><ExportedObjectType>Custom Element</ExportedObjectType><Description>ADF PT Photo Gallery Application Configuration Custom Element</Description><Category>Photo Gallery Elements</Category><GlobalElement>1</GlobalElement><IndexElement>0</IndexElement></ObjectParams></CustomElement>
