﻿<CommonSpotPacket type="Struct"><CheckADF>C:/data/web/ADF/</CheckADF><CommonSpotDir>C:/data/web/cs60/commonspot</CommonSpotDir><CommonSpotVersion>Build 6.0.0.734</CommonSpotVersion><Dependency class="array"></Dependency><ExportedObjects class="array"><Struct><CurrentDataVersion>2007-07-17 09:00:00</CurrentDataVersion><DateLastModified>2010-04-30 08:41:08</DateLastModified><Description>ADF PT Photo Gallery Application Configuration Custom Element</Description><GUID>59AAF5EB-1C23-266A-32D0-1CBED6FBEC53</GUID><MinReaderVersion>2007-07-17 09:00:00</MinReaderVersion><Name>PTPhotoGallery Configuration</Name><PackageID>2232</PackageID><Type>Custom Element</Type></Struct></ExportedObjects><PackageTimestamp>2010-09-28 14:46:44</PackageTimestamp><ServerLicenseID>507168</ServerLicenseID><ServerSchemaVersion>2010-04-15 10:00:00</ServerSchemaVersion><SiteDSN>commonspot-site-live</SiteDSN><SiteDir>C:/data/web/cs60/cs_sites/live</SiteDir><SiteID>2</SiteID><SiteSchemaVersion>2010-04-15 10:00:00</SiteSchemaVersion><UsersDSN>commonspot-users</UsersDSN><UsersSchemaVersion>2010-04-15 10:00:00</UsersSchemaVersion></CommonSpotPacket>
