﻿<?xml version="1.0" encoding="UTF-8"?>
<CustomElement><MappedIDs><MappedID><Name>ElementTypeID</Name><Value>1525</Value><DateLastModified>2010-04-09 10:53:02</DateLastModified></MappedID><MappedID><Name>FieldID</Name><Value>1533</Value><ParentID>1525</ParentID><DateLastModified>2010-04-09 10:53:02</DateLastModified></MappedID><MappedID><Name>FieldID</Name><Value>1535</Value><ParentID>1525</ParentID><DateLastModified>2010-04-09 10:53:02</DateLastModified></MappedID><MappedID><Name>FieldID</Name><Value>1650</Value><ParentID>1525</ParentID><DateLastModified>2010-04-09 10:53:02</DateLastModified></MappedID><MappedID><Name>FieldID</Name><Value>1537</Value><ParentID>1525</ParentID><DateLastModified>2010-04-09 10:53:02</DateLastModified></MappedID><MappedID><Name>FieldID</Name><Value>1539</Value><ParentID>1525</ParentID><DateLastModified>2010-04-09 10:53:02</DateLastModified></MappedID><MappedID><Name>FieldID</Name><Value>1541</Value><ParentID>1525</ParentID><DateLastModified>2010-04-09 10:53:02</DateLastModified></MappedID><MappedID><Name>TabID</Name><Value>1526</Value><ParentID>1525</ParentID><DateLastModified>2010-03-31 21:59:06</DateLastModified></MappedID></MappedIDs><FieldDefinitions><FieldDefinition><ID>1533</ID><Name>ADD URL</Name><ControlName>FIC_ADD_URL</ControlName><Description/><Type>cs_url</Type><Properties><FieldDefaultValue>photogalleryadmin/lightbox/Photo-Add.cfm</FieldDefaultValue><IsCustomFieldType>0</IsCustomFieldType><IsShared>0</IsShared><Position>3</Position><TabName>PtPhotoGallery Configuration</TabName><INPUTPARAMS type="Struct"><ID>1533.0</ID><LABEL>ADD URL</LABEL><PEDIT/><PREAD/><READONLY>0</READONLY><REQ>No</REQ><SHARED>0</SHARED><TABID>1526.0</TABID><USESECURITY>0</USESECURITY><USEUDEF>0</USEUDEF></INPUTPARAMS></Properties></FieldDefinition><FieldDefinition><ID>1535</ID><Name>UPLOAD FORM URL</Name><ControlName>FIC_UPLOAD_FORM_URL</ControlName><Description/><Type>cs_url</Type><Properties><FieldDefaultValue>photogalleryadmin/lightbox/Photo-Upload.cfm</FieldDefaultValue><IsCustomFieldType>0</IsCustomFieldType><IsShared>0</IsShared><Position>4</Position><TabName>PtPhotoGallery Configuration</TabName><INPUTPARAMS type="Struct"><ID>1535.0</ID><LABEL>UPLOAD FORM URL</LABEL><PEDIT/><PREAD/><READONLY>0</READONLY><REQ>No</REQ><SHARED>0</SHARED><TABID>1526.0</TABID><USESECURITY>0</USESECURITY><USEUDEF>0</USEUDEF></INPUTPARAMS></Properties></FieldDefinition><FieldDefinition><ID>1650</ID><Name>DISPLAY URL</Name><ControlName>FIC_DISPLAY_URL</ControlName><Description/><Type>cs_url</Type><Properties><IsCustomFieldType>0</IsCustomFieldType><IsShared>0</IsShared><Position>5</Position><TabName>PtPhotoGallery Configuration</TabName><INPUTPARAMS type="Struct"><ID>1650</ID><LABEL>DISPLAY URL</LABEL><PEDIT/><PREAD/><READONLY>0</READONLY><REQ>No</REQ><SHARED>0</SHARED><USESECURITY>0</USESECURITY><USEUDEF>0</USEUDEF></INPUTPARAMS></Properties></FieldDefinition><FieldDefinition><ID>1537</ID><Name>UPLOAD URL</Name><ControlName>FIC_UPLOAD_URL</ControlName><Description/><Type>text</Type><Properties><FieldDefaultValue>/mysite/_cs_apps/pt_photo_gallery/uploads/</FieldDefaultValue><IsCustomFieldType>0</IsCustomFieldType><IsShared>0</IsShared><Position>6</Position><TabName>PtPhotoGallery Configuration</TabName><INPUTPARAMS type="Struct"><COOKIEFIELD/><ID>1537.0</ID><LABEL>UPLOAD URL</LABEL><MAXLENGTH>255</MAXLENGTH><MSG>Please enter a valid UPLOAD URL value</MSG><PEDIT/><PREAD/><READONLY>0</READONLY><REQ>No</REQ><SHARED>0</SHARED><SIZE>40</SIZE><TABID>1526.0</TABID><USESECURITY>0</USESECURITY><USEUDEF>0</USEUDEF></INPUTPARAMS></Properties></FieldDefinition><FieldDefinition><ID>1539</ID><Name>UPLOAD PATH</Name><ControlName>FIC_UPLOAD_PATH</ControlName><Description/><Type>text</Type><Properties><FieldDefaultValue>C:/data/web/cs51/cs_sites/mysite/_cs_apps/pt_photo_gallery/uploads/</FieldDefaultValue><IsCustomFieldType>0</IsCustomFieldType><IsShared>0</IsShared><Position>7</Position><TabName>PtPhotoGallery Configuration</TabName><INPUTPARAMS type="Struct"><COOKIEFIELD/><ID>1539.0</ID><LABEL>UPLOAD PATH</LABEL><MAXLENGTH>255</MAXLENGTH><MSG>Please enter a valid UPLOAD PATH value</MSG><PEDIT/><PREAD/><READONLY>0</READONLY><REQ>No</REQ><SHARED>0</SHARED><SIZE>40</SIZE><TABID>1526.0</TABID><USESECURITY>0</USESECURITY><USEUDEF>0</USEUDEF></INPUTPARAMS></Properties></FieldDefinition><FieldDefinition><ID>1541</ID><Name>UPLOAD DOC TYPES</Name><ControlName>FIC_UPLOAD_DOC_TYPES</ControlName><Description/><Type>text</Type><Properties><FieldDefaultValue>jpg,gif,bmp,png</FieldDefaultValue><IsCustomFieldType>0</IsCustomFieldType><IsShared>0</IsShared><Position>8</Position><TabName>PtPhotoGallery Configuration</TabName><INPUTPARAMS type="Struct"><DLGTYPE>customelement</DLGTYPE><LABEL>UPLOAD DOC TYPES</LABEL><MAXLENGTH>255</MAXLENGTH><MSG>Please enter a valid UPLOAD DOC TYPES value</MSG><PEDIT/><PREAD/><REQ>No</REQ><SIZE>40</SIZE><TABID>1526.0</TABID><USESECURITY>0</USESECURITY><USEUDEF>0</USEUDEF></INPUTPARAMS></Properties></FieldDefinition></FieldDefinitions><TabDefinitions><TabDefinition><ID>1526</ID><DisplayName>PtPhotoGallery Configuration</DisplayName><SortName>ptphotogallery-configuration</SortName></TabDefinition></TabDefinitions><ObjectParams><Name>PTPhotoGallery Configuration</Name><GUID>E30FA058-1C23-266A-3287-420468D87777</GUID><ExportedObjectType>Custom Element</ExportedObjectType><Description>ADF PT Photo Gallery Application Configuration Custom Element</Description><Category>Photo Gallery Elements</Category><GlobalElement>1</GlobalElement><IndexElement>0</IndexElement></ObjectParams></CustomElement>
