﻿<CommonSpotPacket type="Struct"><CheckADF>C:/Servers/Web/ADF/</CheckADF><CommonSpotDir>C:/Servers/Web/cspot/commonspot</CommonSpotDir><CommonSpotVersion>Build 5.1.1.160</CommonSpotVersion><Dependency class="array"></Dependency><ExportedObjects class="array"><Struct><CurrentDataVersion>2007-07-17 09:00:00</CurrentDataVersion><DateLastModified>2011-03-31 19:10:48</DateLastModified><Description>ADF PT Photo Gallery Application Configuration Custom Element</Description><GUID>0DA50DC8-1C23-266A-3202-AA47F8E19A6E</GUID><MinReaderVersion>2007-07-17 09:00:00</MinReaderVersion><Name>PTPhotoGallery Configuration</Name><PackageID>1535</PackageID><Type>Custom Element</Type></Struct></ExportedObjects><PackageTimestamp>2011-03-31 19:10:56</PackageTimestamp><ServerLicenseID>507168</ServerLicenseID><ServerSchemaVersion>2008-09-25 11:20:00</ServerSchemaVersion><SiteDSN>commonspot-site-live</SiteDSN><SiteDir>C:/Servers/Web/cspot/cs_sites/live</SiteDir><SiteID>1</SiteID><SiteSchemaVersion>2009-01-31 08:45:00</SiteSchemaVersion><UsersDSN>commonspot-users</UsersDSN><UsersSchemaVersion>2008-11-24 18:00:00</UsersSchemaVersion></CommonSpotPacket>
