﻿<?xml version="1.0" encoding="UTF-8"?>
<CustomElement><MappedIDs><MappedID><Name>ElementTypeID</Name><Value>1535</Value><DateLastModified>2011-03-31 19:10:48</DateLastModified></MappedID><MappedID><Name>FieldID</Name><Value>1538</Value><ParentID>1535</ParentID><DateLastModified>2011-03-31 19:10:48</DateLastModified></MappedID><MappedID><Name>FieldID</Name><Value>1539</Value><ParentID>1535</ParentID><DateLastModified>2011-03-31 19:10:48</DateLastModified></MappedID><MappedID><Name>FieldID</Name><Value>1543</Value><ParentID>1535</ParentID><DateLastModified>2011-03-31 19:10:48</DateLastModified></MappedID><MappedID><Name>FieldID</Name><Value>1540</Value><ParentID>1535</ParentID><DateLastModified>2011-03-31 19:10:48</DateLastModified></MappedID><MappedID><Name>FieldID</Name><Value>1542</Value><ParentID>1535</ParentID><DateLastModified>2011-03-31 19:10:48</DateLastModified></MappedID><MappedID><Name>TabID</Name><Value>1536</Value><ParentID>1535</ParentID><DateLastModified>2011-03-29 16:57:50</DateLastModified></MappedID></MappedIDs><FieldDefinitions><FieldDefinition><ID>1538</ID><Name>UPLOAD FORM URL</Name><ControlName>FIC_UPLOAD_FORM_URL</ControlName><Description/><Type>cs_url</Type><Properties><FieldDefaultValue/><IsCustomFieldType>0</IsCustomFieldType><IsShared>0</IsShared><Position>1</Position><TabName>PtPhotoGallery Configuration</TabName><INPUTPARAMS type="Struct"><ID>1538</ID><LABEL>UPLOAD FORM URL</LABEL><PEDIT/><PREAD/><READONLY>0</READONLY><REQ>No</REQ><SHARED>0</SHARED><USESECURITY>0</USESECURITY><USEUDEF>0</USEUDEF></INPUTPARAMS></Properties></FieldDefinition><FieldDefinition><ID>1539</ID><Name>DISPLAY URL</Name><ControlName>FIC_DISPLAY_URL</ControlName><Description/><Type>cs_url</Type><Properties><IsCustomFieldType>0</IsCustomFieldType><IsShared>0</IsShared><Position>2</Position><TabName>PtPhotoGallery Configuration</TabName><INPUTPARAMS type="Struct"><ID>1539</ID><LABEL>DISPLAY URL</LABEL><PEDIT/><PREAD/><READONLY>0</READONLY><REQ>No</REQ><SHARED>0</SHARED><USESECURITY>0</USESECURITY><USEUDEF>0</USEUDEF></INPUTPARAMS></Properties></FieldDefinition><FieldDefinition><ID>1543</ID><Name>UPLOAD_CROP_URL</Name><ControlName>FIC_UPLOAD_CROP_URL</ControlName><Description/><Type>cs_url</Type><Properties><IsCustomFieldType>0</IsCustomFieldType><IsShared>0</IsShared><Position>3</Position><TabName>PtPhotoGallery Configuration</TabName><INPUTPARAMS type="Struct"><DLGTYPE>customelement</DLGTYPE><LABEL>UPLOAD_CROP_URL</LABEL><PEDIT/><PREAD/><REQ>No</REQ><TABID>1536.0</TABID><USESECURITY>0</USESECURITY><USEUDEF>0</USEUDEF></INPUTPARAMS></Properties></FieldDefinition><FieldDefinition><ID>1540</ID><Name>UPLOAD URL</Name><ControlName>FIC_UPLOAD_URL</ControlName><Description>URL path to store the files within the site.&amp;nbsp; Recommend the &amp;quot;/mysite/_cs_apps/pt_photo_gallery/uploads/&amp;quot; path under the local site.&amp;nbsp; </Description><Type>text</Type><Properties><FieldDefaultValue>/_cs_apps/pt_photo_gallery/uploads/</FieldDefaultValue><IsCustomFieldType>0</IsCustomFieldType><IsShared>0</IsShared><Position>4</Position><TabName>PtPhotoGallery Configuration</TabName><INPUTPARAMS type="Struct"><ID>1540</ID><LABEL>UPLOAD URL</LABEL><MAXLENGTH>255</MAXLENGTH><MSG>Please enter a valid UPLOAD URL value</MSG><PEDIT/><PREAD/><READONLY>0</READONLY><REQ>No</REQ><SHARED>0</SHARED><SIZE>40</SIZE><USESECURITY>0</USESECURITY><USEUDEF>0</USEUDEF></INPUTPARAMS></Properties></FieldDefinition><FieldDefinition><ID>1542</ID><Name>UPLOAD DOC TYPES</Name><ControlName>FIC_UPLOAD_DOC_TYPES</ControlName><Description/><Type>text</Type><Properties><FieldDefaultValue>jpg,gif,bmp,png</FieldDefaultValue><IsCustomFieldType>0</IsCustomFieldType><IsShared>0</IsShared><Position>5</Position><TabName>PtPhotoGallery Configuration</TabName><INPUTPARAMS type="Struct"><DLGTYPE>customelement</DLGTYPE><LABEL>UPLOAD DOC TYPES</LABEL><MAXLENGTH>255</MAXLENGTH><MSG>Please enter a valid UPLOAD DOC TYPES value</MSG><PEDIT/><PREAD/><REQ>No</REQ><SIZE>40</SIZE><TABID>1536.0</TABID><USESECURITY>0</USESECURITY><USEUDEF>0</USEUDEF></INPUTPARAMS></Properties></FieldDefinition></FieldDefinitions><TabDefinitions><TabDefinition><ID>1536</ID><DisplayName>PtPhotoGallery Configuration</DisplayName><SortName>ptphotogallery-configuration</SortName></TabDefinition></TabDefinitions><ObjectParams><Name>PTPhotoGallery Configuration</Name><GUID>0DA50DC8-1C23-266A-3202-AA47F8E19A6E</GUID><ExportedObjectType>Custom Element</ExportedObjectType><Description>ADF PT Photo Gallery Application Configuration Custom Element</Description><Category>PT Photo Gallery Elements</Category><GlobalElement>1</GlobalElement><IndexElement>0</IndexElement></ObjectParams></CustomElement>
