﻿<CommonSpotPacket type="Struct"><CommonSpotDir>C:/data/web/cs51/commonspot</CommonSpotDir><CommonSpotVersion>Build 5.1.0.128</CommonSpotVersion><Dependency class="array"></Dependency><ExportedObjects class="array"><Struct><CurrentDataVersion>2007-07-17 09:00:00</CurrentDataVersion><DateLastModified>2010-04-09 10:53:02</DateLastModified><Description>ADF PT Photo Gallery Application Configuration Custom Element</Description><GUID>E30FA058-1C23-266A-3287-420468D87777</GUID><MinReaderVersion>2007-07-17 09:00:00</MinReaderVersion><Name>PTPhotoGallery Configuration</Name><PackageID>1525</PackageID><Type>Custom Element</Type></Struct></ExportedObjects><PackageTimestamp>2010-04-09 10:53:28</PackageTimestamp><ServerLicenseID>507168</ServerLicenseID><ServerSchemaVersion>2008-09-25 11:20:00</ServerSchemaVersion><SiteDSN>commonspot-site-live</SiteDSN><SiteDir>C:/data/web/cs51/cs_sites/live</SiteDir><SiteID>7</SiteID><SiteSchemaVersion>2009-01-31 08:45:00</SiteSchemaVersion><UsersDSN>commonspot-users</UsersDSN><UsersSchemaVersion>2008-11-24 18:00:00</UsersSchemaVersion></CommonSpotPacket>
