﻿<FileList class="array"><Struct><Filename>ce_select_props.cfm</Filename><Filepath>C:/data/web/ADF/extensions/customfields/CE_Select</Filepath><Fullname>C:/data/web/ADF/extensions/customfields/CE_Select/ce_select_props.cfm</Fullname><LastModifiedOn>March 29, 2010 5:37:20 PM EDT</LastModifiedOn><LastModifiedTimeStamp>1269898640000</LastModifiedTimeStamp><MD5>ded8b848bccedc8bc07cde4c7af4cbe3</MD5><Status>Success</Status><Zippath>/data/web/ADF/extensions/customfields/CE_Select/ce_select_props.cfm</Zippath></Struct><Struct><Filename>ce_select_render.cfm</Filename><Filepath>C:/data/web/ADF/extensions/customfields/CE_Select</Filepath><Fullname>C:/data/web/ADF/extensions/customfields/CE_Select/ce_select_render.cfm</Fullname><LastModifiedOn>March 29, 2010 5:37:20 PM EDT</LastModifiedOn><LastModifiedTimeStamp>1269898640000</LastModifiedTimeStamp><MD5>41366e509728f34c73d3d0e41615d6d4</MD5><Status>Success</Status><Zippath>/data/web/ADF/extensions/customfields/CE_Select/ce_select_render.cfm</Zippath></Struct></FileList>
