﻿<?xml version="1.0" encoding="UTF-8"?>
<CustomFieldType><MappedIDs><MappedID><Name>CustomFieldTypeID</Name><Value>2190</Value><DateLastModified>2010-04-29 17:14:41</DateLastModified></MappedID></MappedIDs><ObjectParams><ExportedObjectType>Custom Field Type</ExportedObjectType><Name>Photo Upload Crop</Name><GUID>4B6C1DB9-1C23-266A-3289-A889CD4E7580</GUID><Description>Custom field to render a link to the photo element to upload a photo that can be cropped.</Description><Module><PropertyModule>/ADF/apps/pt_photo_gallery/customfields/photo_upload_crop_props.cfm</PropertyModule><RenderModule>/ADF/apps/pt_photo_gallery/customfields/photo_upload_crop_render.cfm</RenderModule></Module></ObjectParams></CustomFieldType>
