﻿<CommonSpotPacket type="Struct"><CommonSpotDir>C:/data/web/cs51/commonspot</CommonSpotDir><CommonSpotVersion>Build 5.1.0.128</CommonSpotVersion><Dependency class="array"></Dependency><ExportedObjects class="array"><Struct><CurrentDataVersion>2007-07-17 09:00:00</CurrentDataVersion><DateLastModified>2010-04-29 17:14:41</DateLastModified><Description>Custom field to render a link to the photo element to upload a photo that can be cropped.</Description><GUID>4B6C1DB9-1C23-266A-3289-A889CD4E7580</GUID><MinReaderVersion>2007-07-17 09:00:00</MinReaderVersion><Name>Photo Upload Crop</Name><PackageID>2190</PackageID><Type>Custom Field Type</Type></Struct></ExportedObjects><PackageTimestamp>2010-04-29 17:14:58</PackageTimestamp><ServerLicenseID>507168</ServerLicenseID><ServerSchemaVersion>2008-09-25 11:20:00</ServerSchemaVersion><SiteDSN>commonspot-site-live</SiteDSN><SiteDir>C:/data/web/cs51/cs_sites/live</SiteDir><SiteID>7</SiteID><SiteSchemaVersion>2009-01-31 08:45:00</SiteSchemaVersion><UsersDSN>commonspot-users</UsersDSN><UsersSchemaVersion>2008-11-24 18:00:00</UsersSchemaVersion></CommonSpotPacket>
