<?xml version="1.0" encoding="UTF-8"?>
<FileList><File><Zippath>/data/web/Apps/pt_photo_gallery/customfields/photo_upload_crop_props.cfm</Zippath><Fullname>C:/data/web/Apps/pt_photo_gallery/customfields/photo_upload_crop_props.cfm</Fullname><Status>Success</Status><LastModifiedTimeStamp>1269009859144</LastModifiedTimeStamp><Filepath>C:/data/web/Apps/pt_photo_gallery/customfields</Filepath><LastModifiedOn>March 19, 2010 10:44:19 AM EDT</LastModifiedOn><MD5>b51ba121ff53c7d3dde5b298b8ce942d</MD5><Filename>photo_upload_crop_props.cfm</Filename></File><File><Zippath>/data/web/Apps/pt_photo_gallery/customfields/photo_upload_crop_render.cfm</Zippath><Fullname>C:/data/web/Apps/pt_photo_gallery/customfields/photo_upload_crop_render.cfm</Fullname><Status>Success</Status><LastModifiedTimeStamp>1269010025661</LastModifiedTimeStamp><Filepath>C:/data/web/Apps/pt_photo_gallery/customfields</Filepath><LastModifiedOn>March 19, 2010 10:47:05 AM EDT</LastModifiedOn><MD5>a169d7523379084df95d38efaeb19bbe</MD5><Filename>photo_upload_crop_render.cfm</Filename></File></FileList>