﻿<CommonSpotPacket type="Struct"><CheckADF>C:/data/web/ADF/</CheckADF><CommonSpotDir>C:/data/web/cs60/commonspot</CommonSpotDir><CommonSpotVersion>Internal Build 6.0.0.669</CommonSpotVersion><Dependency class="array"></Dependency><ExportedObjects class="array"><Struct><CurrentDataVersion>2007-07-17 09:00:00</CurrentDataVersion><DateLastModified>2010-03-24 15:29:06</DateLastModified><Description>Photo Gallery element to set a collection of photos.</Description><GUID>B7095832-03CD-05B5-AAF0-A88E7D116D12</GUID><MinReaderVersion>2007-07-17 09:00:00</MinReaderVersion><Name>Photo Gallery</Name><PackageID>1583</PackageID><Type>Custom Element</Type></Struct><Struct><CurrentDataVersion>2007-07-17 09:00:00</CurrentDataVersion><DateLastModified>2010-02-28 12:09:13</DateLastModified><Description>General Chooser field type for selecting data records from a custom element.</Description><GUID>AA93F085-1C23-266A-324C-7960838ED3B2</GUID><MinReaderVersion>2007-07-17 09:00:00</MinReaderVersion><Name>General Chooser</Name><PackageID>1411</PackageID><Type>Custom Field Type</Type></Struct></ExportedObjects><PackageTimestamp>2010-03-31 21:43:20</PackageTimestamp><ServerLicenseID>507168</ServerLicenseID><ServerSchemaVersion>2010-02-26 13:00:00</ServerSchemaVersion><SiteDSN>commonspot-site-live</SiteDSN><SiteDir>C:/data/web/cs60/cs_sites/live</SiteDir><SiteID>2</SiteID><SiteSchemaVersion>2010-03-25 16:00:00</SiteSchemaVersion><UsersDSN>commonspot-users</UsersDSN><UsersSchemaVersion>2010-02-26 13:00:00</UsersSchemaVersion></CommonSpotPacket>
