﻿<?xml version="1.0" encoding="UTF-8"?>
<CustomElement><MappedIDs><MappedID><Name>ElementTypeID</Name><Value>1413</Value><DateLastModified>2009-08-04 15:13:41</DateLastModified></MappedID><MappedID><Name>FieldID</Name><Value>1415</Value><ParentID>1413</ParentID><DateLastModified>2009-08-04 15:13:41</DateLastModified></MappedID><MappedID><Name>TabID</Name><Value>1414</Value><ParentID>1413</ParentID><DateLastModified>2009-06-10 12:10:53</DateLastModified></MappedID><MappedID><Name>CustomFieldTypeID</Name><Value>1382</Value><DateLastModified>2009-05-29 15:38:48</DateLastModified></MappedID><MappedID><Name>CustomRenderHandlerID</Name><Value>1784</Value><ParentID>1413</ParentID><DateLastModified/></MappedID><MappedID><Name>CustomRenderHandlerID</Name><Value>1865</Value><ParentID>1413</ParentID><DateLastModified/></MappedID><MappedID><Name>CustomRenderHandlerID</Name><Value>1871</Value><ParentID>1413</ParentID><DateLastModified/></MappedID><MappedID><Name>CustomRenderHandlerID</Name><Value>1420</Value><ParentID>1413</ParentID><DateLastModified/></MappedID></MappedIDs><CustomRenderHandlers><CustomRenderHandler><ID>1784</ID><Name>Banner Photos</Name><Description>Banner Photos Flash rendering.</Description><Properties><UseLayoutProperties>1</UseLayoutProperties><IsDefault>0</IsDefault><UseCache>1</UseCache><IsActive>1</IsActive><IsXMLAware>0</IsXMLAware></Properties><Module>/ADF/apps/pt_photo_gallery/renderhandlers/banner_photos.cfm</Module></CustomRenderHandler><CustomRenderHandler><ID>1865</ID><Name>Carousel Display</Name><Description>Carousel Photo Display</Description><Properties><UseLayoutProperties>1</UseLayoutProperties><IsDefault>0</IsDefault><UseCache>1</UseCache><IsActive>1</IsActive><IsXMLAware>0</IsXMLAware></Properties><Module>/ADF/apps/pt_photo_gallery/renderhandlers/carousel_display_rh.cfm</Module></CustomRenderHandler><CustomRenderHandler><ID>1871</ID><Name>GalleryView Display</Name><Description>JQuery GalleryView display module.</Description><Properties><UseLayoutProperties>1</UseLayoutProperties><IsDefault>0</IsDefault><UseCache>1</UseCache><IsActive>1</IsActive><IsXMLAware>0</IsXMLAware></Properties><Module>/ADF/apps/pt_photo_gallery/renderhandlers/galleryview_display_rh.cfm</Module></CustomRenderHandler><CustomRenderHandler><ID>1420</ID><Name>Listing Display</Name><Description>Selected photos listing display with metadata to control the image render size.</Description><Properties><UseLayoutProperties>1</UseLayoutProperties><IsDefault>0</IsDefault><UseCache>1</UseCache><IsActive>1</IsActive><IsXMLAware>0</IsXMLAware></Properties><Module>/ADF/apps/pt_photo_gallery/renderhandlers/listing_display_rh.cfm</Module></CustomRenderHandler></CustomRenderHandlers><CustomFieldTypes><CustomFieldType><ID>1382</ID><Name>General Chooser</Name><GUID>F984BF49-1C23-266A-324E-0C9ECD9E0774</GUID><Description>General Chooser field type for selecting data records from a custom element.</Description><Module><PropertyModule>/ADF/extensions/customfields/general_chooser/general_chooser_props.cfm</PropertyModule><RenderModule>/ADF/extensions/customfields/general_chooser/general_chooser_render.cfm</RenderModule></Module></CustomFieldType></CustomFieldTypes><FieldDefinitions><FieldDefinition><ID>1415</ID><Name>Photo Select</Name><ControlName>FIC_photoSelect</ControlName><Description/><Type>General Chooser</Type><Properties><IsCustomFieldType>1</IsCustomFieldType><IsShared>0</IsShared><Position>1</Position><TabName>Photo Select</TabName><INPUTPARAMS type="Struct"><CHOOSERCFCNAME>photoGC</CHOOSERCFCNAME><DLGTYPE>customelement</DLGTYPE><LABEL>Photo Select</LABEL><PEDIT/><PREAD/><REQ>No</REQ><TABID>1414</TABID><USESECURITY>0</USESECURITY></INPUTPARAMS></Properties></FieldDefinition></FieldDefinitions><TabDefinitions><TabDefinition><ID>1414</ID><DisplayName>Photo Select</DisplayName><SortName>photo-select</SortName></TabDefinition></TabDefinitions><ObjectParams><Name>Photo Gallery</Name><GUID>F984F4AD-1C23-266A-32E0-FAEE3A7901C5</GUID><ExportedObjectType>Custom Element</ExportedObjectType><Description>Photo Gallery element to set a collection of photos.</Description><Category>Photo Gallery Elements</Category><GlobalElement>1</GlobalElement><IndexElement>0</IndexElement></ObjectParams></CustomElement>
