﻿<?xml version="1.0" encoding="UTF-8"?>
<CustomElement><MappedIDs><MappedID><Name>ElementTypeID</Name><Value>2274</Value><DateLastModified>2010-04-29 10:21:40</DateLastModified></MappedID><MappedID><Name>FieldID</Name><Value>2278</Value><ParentID>2274</ParentID><DateLastModified>2010-04-29 10:21:40</DateLastModified></MappedID><MappedID><Name>TabID</Name><Value>2275</Value><ParentID>2274</ParentID><DateLastModified>2010-04-29 10:21:40</DateLastModified></MappedID><MappedID><Name>CustomFieldTypeID</Name><Value>2276</Value><DateLastModified>2010-04-29 10:21:40</DateLastModified></MappedID><MappedID><Name>CustomRenderHandlerID</Name><Value>2279</Value><ParentID>2274</ParentID><DateLastModified/></MappedID><MappedID><Name>CustomRenderHandlerID</Name><Value>2280</Value><ParentID>2274</ParentID><DateLastModified/></MappedID><MappedID><Name>CustomRenderHandlerID</Name><Value>2281</Value><ParentID>2274</ParentID><DateLastModified/></MappedID></MappedIDs><CustomRenderHandlers><CustomRenderHandler><ID>2279</ID><Name>Cycle</Name><Description>Displays a gallery with a numbered navigational overlay.</Description><Properties><UseLayoutProperties>1</UseLayoutProperties><IsDefault>0</IsDefault><UseCache>1</UseCache><IsActive>1</IsActive><IsXMLAware>0</IsXMLAware></Properties><Module>/ADF/apps/pt_photo_gallery/renderhandlers/cycle_display_rh.cfm</Module></CustomRenderHandler><CustomRenderHandler><ID>2280</ID><Name>Cycle Thumb Nav</Name><Description>Creates a thumbed image navigation area, which opens an enlarged image in a parent viewing frame.</Description><Properties><UseLayoutProperties>1</UseLayoutProperties><IsDefault>0</IsDefault><UseCache>1</UseCache><IsActive>1</IsActive><IsXMLAware>0</IsXMLAware></Properties><Module>/ADF/apps/pt_photo_gallery/renderhandlers/cycle_thumb_nav_rh.cfm</Module></CustomRenderHandler><CustomRenderHandler><ID>2281</ID><Name>Grid</Name><Description>Renders the selected photos in a grid view.</Description><Properties><UseLayoutProperties>1</UseLayoutProperties><IsDefault>0</IsDefault><UseCache>1</UseCache><IsActive>1</IsActive><IsXMLAware>0</IsXMLAware></Properties><Module>/ADF/apps/pt_photo_gallery/renderhandlers/grid_display_rh.cfm</Module></CustomRenderHandler></CustomRenderHandlers><CustomFieldTypes><CustomFieldType><ID>2276</ID><Name>Photo Chooser</Name><GUID>59AAA0F5-1C23-266A-32A1-8631DA277493</GUID><Description>Selection field type for the Photo Gallery element based on the General Chooser field type.</Description><CSDataType/><Module><PropertyModule>/ADF/extensions/customfields/general_chooser/general_chooser_props.cfm</PropertyModule><RenderModule>/ADF/apps/pt_photo_gallery/customfields/photo_chooser_render.cfm</RenderModule></Module></CustomFieldType></CustomFieldTypes><FieldDefinitions><FieldDefinition><ID>2278</ID><Name>Photo Select</Name><ControlName>FIC_photoSelect</ControlName><Description/><Type>Photo Chooser</Type><Properties><IsCustomFieldType>1</IsCustomFieldType><IsShared>0</IsShared><Position>1</Position><TabName>Photo Select</TabName><INPUTPARAMS type="Struct"><CHOOSERCFCNAME>photoGC</CHOOSERCFCNAME><FORCESCRIPTS>0</FORCESCRIPTS><ID>2278.0</ID><LABEL>Photo Select</LABEL><PEDIT/><PREAD/><READONLY>0</READONLY><REQ>No</REQ><SHARED>0</SHARED><TABID>2275.0</TABID><USESECURITY>0</USESECURITY></INPUTPARAMS></Properties></FieldDefinition></FieldDefinitions><TabDefinitions><TabDefinition><ID>2275</ID><DisplayName>Photo Select</DisplayName><SortName>photo-select</SortName></TabDefinition></TabDefinitions><ObjectParams><Name>Photo Gallery</Name><GUID>59AAA0C6-1C23-266A-325A-5268729D08DB</GUID><ExportedObjectType>Custom Element</ExportedObjectType><Description>Photo Gallery element to set a collection of photos.</Description><Category>Photo Gallery Elements</Category><GlobalElement>1</GlobalElement><IndexElement>0</IndexElement></ObjectParams></CustomElement>
