﻿<?xml version="1.0" encoding="UTF-8"?>
<CustomElement><MappedIDs><MappedID><Name>ElementTypeID</Name><Value>1583</Value><DateLastModified>2010-03-24 15:29:06</DateLastModified></MappedID><MappedID><Name>FieldID</Name><Value>1585</Value><ParentID>1583</ParentID><DateLastModified>2010-03-24 15:29:06</DateLastModified></MappedID><MappedID><Name>TabID</Name><Value>1584</Value><ParentID>1583</ParentID><DateLastModified>2010-03-24 15:18:33</DateLastModified></MappedID><MappedID><Name>CustomFieldTypeID</Name><Value>1411</Value><DateLastModified>2010-02-28 12:09:13</DateLastModified></MappedID><MappedID><Name>CustomRenderHandlerID</Name><Value>1586</Value><ParentID>1583</ParentID><DateLastModified/></MappedID><MappedID><Name>CustomRenderHandlerID</Name><Value>1587</Value><ParentID>1583</ParentID><DateLastModified/></MappedID><MappedID><Name>CustomRenderHandlerID</Name><Value>1588</Value><ParentID>1583</ParentID><DateLastModified/></MappedID><MappedID><Name>CustomRenderHandlerID</Name><Value>1589</Value><ParentID>1583</ParentID><DateLastModified/></MappedID></MappedIDs><CustomRenderHandlers><CustomRenderHandler><ID>1586</ID><Name>Banner Photos</Name><Description>Banner Photos Flash rendering.</Description><Properties><UseLayoutProperties>1</UseLayoutProperties><IsDefault>0</IsDefault><UseCache>1</UseCache><IsActive>1</IsActive><IsXMLAware>0</IsXMLAware></Properties><Module>/ADF/apps/pt_photo_gallery/renderhandlers/banner_photos.cfm</Module></CustomRenderHandler><CustomRenderHandler><ID>1587</ID><Name>Carousel Display</Name><Description>Carousel Photo Display</Description><Properties><UseLayoutProperties>1</UseLayoutProperties><IsDefault>0</IsDefault><UseCache>1</UseCache><IsActive>1</IsActive><IsXMLAware>0</IsXMLAware></Properties><Module>/ADF/apps/pt_photo_gallery/renderhandlers/carousel_display_rh.cfm</Module></CustomRenderHandler><CustomRenderHandler><ID>1588</ID><Name>GalleryView Display</Name><Description>JQuery GalleryView display module.</Description><Properties><UseLayoutProperties>1</UseLayoutProperties><IsDefault>0</IsDefault><UseCache>1</UseCache><IsActive>1</IsActive><IsXMLAware>0</IsXMLAware></Properties><Module>/ADF/apps/pt_photo_gallery/renderhandlers/galleryview_display_rh.cfm</Module></CustomRenderHandler><CustomRenderHandler><ID>1589</ID><Name>Listing Display</Name><Description>Selected photos listing display with metadata to control the image render size.</Description><Properties><UseLayoutProperties>1,1</UseLayoutProperties><IsDefault>0</IsDefault><UseCache>1</UseCache><IsActive>1</IsActive><IsXMLAware>0</IsXMLAware></Properties><Module>/ADF/apps/pt_photo_gallery/renderhandlers/listing_display_rh.cfm</Module></CustomRenderHandler></CustomRenderHandlers><CustomFieldTypes><CustomFieldType><ID>1411</ID><Name>General Chooser</Name><GUID>AA93F085-1C23-266A-324C-7960838ED3B2</GUID><Description>General Chooser field type for selecting data records from a custom element.</Description><CSDataType>text</CSDataType><Module><PropertyModule>/ADF/extensions/customfields/general_chooser/general_chooser_props.cfm</PropertyModule><RenderModule>/ADF/extensions/customfields/general_chooser/general_chooser_render.cfm</RenderModule></Module></CustomFieldType></CustomFieldTypes><FieldDefinitions><FieldDefinition><ID>1585</ID><Name>Photo Select</Name><ControlName>FIC_photoSelect</ControlName><Description/><Type>General Chooser</Type><Properties><IsCustomFieldType>1</IsCustomFieldType><IsShared>0</IsShared><Position>1</Position><TabName>Photo Select</TabName><INPUTPARAMS type="Struct"><CHOOSERCFCNAME>photoGC</CHOOSERCFCNAME><FORCESCRIPTS>0</FORCESCRIPTS><ID>1585</ID><LABEL>Photo Select</LABEL><PEDIT/><PREAD/><READONLY>0</READONLY><REQ>No</REQ><SHARED>0</SHARED><USESECURITY>0</USESECURITY></INPUTPARAMS></Properties></FieldDefinition></FieldDefinitions><TabDefinitions><TabDefinition><ID>1584</ID><DisplayName>Photo Select</DisplayName><SortName>photo-select</SortName></TabDefinition></TabDefinitions><ObjectParams><Name>Photo Gallery</Name><GUID>B7095832-03CD-05B5-AAF0-A88E7D116D12</GUID><ExportedObjectType>Custom Element</ExportedObjectType><Description>Photo Gallery element to set a collection of photos.</Description><Category>Photo Gallery Elements</Category><GlobalElement>1</GlobalElement><IndexElement>0</IndexElement></ObjectParams></CustomElement>
