﻿<CommonSpotPacket type="Struct"><CommonSpotDir>C:/data/web/cs51/commonspot</CommonSpotDir><CommonSpotVersion>Build 5.1.0.128</CommonSpotVersion><Dependency class="array"></Dependency><ExportedObjects class="array"><Struct><CurrentDataVersion>2007-07-17 09:00:00</CurrentDataVersion><DateLastModified>2010-04-09 13:50:23</DateLastModified><Description>Photo Gallery element to set a collection of photos.</Description><GUID>E3B26797-1C23-266A-321F-C2F2565762D4</GUID><MinReaderVersion>2007-07-17 09:00:00</MinReaderVersion><Name>Photo Gallery</Name><PackageID>1545</PackageID><Type>Custom Element</Type></Struct><Struct><CurrentDataVersion>2007-07-17 09:00:00</CurrentDataVersion><DateLastModified>2010-04-09 13:49:49</DateLastModified><Description>Selection field type for the Photo Gallery element based on the General Chooser field type.</Description><GUID>E3B267B6-1C23-266A-3246-0318F2B52500</GUID><MinReaderVersion>2007-07-17 09:00:00</MinReaderVersion><Name>Photo Chooser</Name><PackageID>1946</PackageID><Type>Custom Field Type</Type></Struct></ExportedObjects><PackageTimestamp>2010-04-09 13:51:18</PackageTimestamp><ServerLicenseID>507168</ServerLicenseID><ServerSchemaVersion>2008-09-25 11:20:00</ServerSchemaVersion><SiteDSN>commonspot-site-live</SiteDSN><SiteDir>C:/data/web/cs51/cs_sites/live</SiteDir><SiteID>7</SiteID><SiteSchemaVersion>2009-01-31 08:45:00</SiteSchemaVersion><UsersDSN>commonspot-users</UsersDSN><UsersSchemaVersion>2008-11-24 18:00:00</UsersSchemaVersion></CommonSpotPacket>
