﻿<?xml version="1.0" encoding="UTF-8"?>
<CustomElement><MappedIDs><MappedID><Name>ElementTypeID</Name><Value>1545</Value><DateLastModified>2010-04-09 13:50:23</DateLastModified></MappedID><MappedID><Name>FieldID</Name><Value>1547</Value><ParentID>1545</ParentID><DateLastModified>2010-04-09 13:50:23</DateLastModified></MappedID><MappedID><Name>TabID</Name><Value>1546</Value><ParentID>1545</ParentID><DateLastModified>2010-03-31 21:59:36</DateLastModified></MappedID><MappedID><Name>CustomFieldTypeID</Name><Value>1946</Value><DateLastModified>2010-04-09 13:49:49</DateLastModified></MappedID><MappedID><Name>CustomRenderHandlerID</Name><Value>1726</Value><ParentID>1545</ParentID><DateLastModified/></MappedID><MappedID><Name>CustomRenderHandlerID</Name><Value>1792</Value><ParentID>1545</ParentID><DateLastModified/></MappedID><MappedID><Name>CustomRenderHandlerID</Name><Value>1603</Value><ParentID>1545</ParentID><DateLastModified/></MappedID></MappedIDs><CustomRenderHandlers><CustomRenderHandler><ID>1726</ID><Name>Cycle</Name><Description>Displays a gallery with a numbered navigational overlay.</Description><Properties><UseLayoutProperties>1</UseLayoutProperties><IsDefault>0</IsDefault><UseCache>1</UseCache><IsActive>1</IsActive><IsXMLAware>0</IsXMLAware></Properties><Module>/ADF/apps/pt_photo_gallery/renderhandlers/cycle_display_rh.cfm</Module></CustomRenderHandler><CustomRenderHandler><ID>1792</ID><Name>Cycle Thumb Nav</Name><Description>Creates a thumbed image navigation area, which opens an enlarged image in a parent viewing frame.</Description><Properties><UseLayoutProperties>1</UseLayoutProperties><IsDefault>0</IsDefault><UseCache>1</UseCache><IsActive>1</IsActive><IsXMLAware>0</IsXMLAware></Properties><Module>/ADF/apps/pt_photo_gallery/renderhandlers/cycle_thumb_nav_rh.cfm</Module></CustomRenderHandler><CustomRenderHandler><ID>1603</ID><Name>Grid</Name><Description>Renders the selected photos in a grid view.</Description><Properties><UseLayoutProperties>1</UseLayoutProperties><IsDefault>0</IsDefault><UseCache>1</UseCache><IsActive>1</IsActive><IsXMLAware>0</IsXMLAware></Properties><Module>/ADF/apps/pt_photo_gallery/renderhandlers/grid_display_rh.cfm</Module></CustomRenderHandler></CustomRenderHandlers><CustomFieldTypes><CustomFieldType><ID>1946</ID><Name>Photo Chooser</Name><GUID>E3B267B6-1C23-266A-3246-0318F2B52500</GUID><Description>Selection field type for the Photo Gallery element based on the General Chooser field type.</Description><Module><PropertyModule>/ADF/extensions/customfields/general_chooser/general_chooser_props.cfm</PropertyModule><RenderModule>/ADF/apps/pt_photo_gallery/customfields/photo_chooser_render.cfm</RenderModule></Module></CustomFieldType></CustomFieldTypes><FieldDefinitions><FieldDefinition><ID>1547</ID><Name>Photo Select</Name><ControlName>FIC_photoSelect</ControlName><Description/><Type>Photo Chooser</Type><Properties><IsCustomFieldType>1</IsCustomFieldType><IsShared>0</IsShared><Position>1</Position><TabName>Photo Select</TabName><INPUTPARAMS type="Struct"><CHOOSERCFCNAME>photoGC</CHOOSERCFCNAME><FORCESCRIPTS>0</FORCESCRIPTS><ID>1547</ID><LABEL>Photo Select</LABEL><PEDIT/><PREAD/><READONLY>0</READONLY><REQ>No</REQ><SHARED>0</SHARED><USESECURITY>0</USESECURITY></INPUTPARAMS></Properties></FieldDefinition></FieldDefinitions><TabDefinitions><TabDefinition><ID>1546</ID><DisplayName>Photo Select</DisplayName><SortName>photo-select</SortName></TabDefinition></TabDefinitions><ObjectParams><Name>Photo Gallery</Name><GUID>E3B26797-1C23-266A-321F-C2F2565762D4</GUID><ExportedObjectType>Custom Element</ExportedObjectType><Description>Photo Gallery element to set a collection of photos.</Description><Category>Photo Gallery Elements</Category><GlobalElement>1</GlobalElement><IndexElement>0</IndexElement></ObjectParams></CustomElement>
