﻿<CommonSpotPacket type="Struct"><CommonSpotDir>C:/data/web/cs501/commonspot</CommonSpotDir><CommonSpotVersion>Build 5.0.2.56</CommonSpotVersion><Dependency class="array"></Dependency><ExportedObjects class="array"><Struct><CurrentDataVersion>2007-07-17 09:00:00</CurrentDataVersion><DateLastModified>2009-08-04 15:13:41</DateLastModified><Description>Photo Gallery element to set a collection of photos.</Description><GUID>F984F4AD-1C23-266A-32E0-FAEE3A7901C5</GUID><MinReaderVersion>2007-07-17 09:00:00</MinReaderVersion><Name>Photo Gallery</Name><PackageID>1413</PackageID><Type>Custom Element</Type></Struct><Struct><CurrentDataVersion>2007-07-17 09:00:00</CurrentDataVersion><DateLastModified>2009-05-29 15:38:48</DateLastModified><Description>General Chooser field type for selecting data records from a custom element.</Description><GUID>F984BF49-1C23-266A-324E-0C9ECD9E0774</GUID><MinReaderVersion>2007-07-17 09:00:00</MinReaderVersion><Name>General Chooser</Name><PackageID>1382</PackageID><Type>Custom Field Type</Type></Struct></ExportedObjects><PackageTimestamp>2009-08-04 15:59:25</PackageTimestamp><ServerLicenseID>507168</ServerLicenseID><ServerSchemaVersion>2007-09-06 08:00:00</ServerSchemaVersion><SiteDSN>commonspot-site-photogallery</SiteDSN><SiteDir>C:/data/web/cs501/cs_sites/photogallery</SiteDir><SiteID>9</SiteID><SiteSchemaVersion>2007-09-17 11:25:00</SiteSchemaVersion><UsersDSN>commonspot-users</UsersDSN><UsersSchemaVersion>2007-06-11 17:35:00</UsersSchemaVersion></CommonSpotPacket>
