﻿<CommonSpotPacket type="Struct"><CheckADF>C:/data/web/ADF/</CheckADF><CommonSpotDir>C:/data/web/cs60/commonspot</CommonSpotDir><CommonSpotVersion>Build 6.0.0.734</CommonSpotVersion><Dependency class="array"></Dependency><ExportedObjects class="array"><Struct><CurrentDataVersion>2007-07-17 09:00:00</CurrentDataVersion><DateLastModified>2010-04-29 10:21:40</DateLastModified><Description>Photo Gallery element to set a collection of photos.</Description><GUID>59AAA0C6-1C23-266A-325A-5268729D08DB</GUID><MinReaderVersion>2007-07-17 09:00:00</MinReaderVersion><Name>Photo Gallery</Name><PackageID>2274</PackageID><Type>Custom Element</Type></Struct><Struct><CurrentDataVersion>2007-07-17 09:00:00</CurrentDataVersion><DateLastModified>2010-04-29 10:21:40</DateLastModified><Description>Selection field type for the Photo Gallery element based on the General Chooser field type.</Description><GUID>59AAA0F5-1C23-266A-32A1-8631DA277493</GUID><MinReaderVersion>2007-07-17 09:00:00</MinReaderVersion><Name>Photo Chooser</Name><PackageID>2276</PackageID><Type>Custom Field Type</Type></Struct></ExportedObjects><PackageTimestamp>2010-09-28 14:46:18</PackageTimestamp><ServerLicenseID>507168</ServerLicenseID><ServerSchemaVersion>2010-04-15 10:00:00</ServerSchemaVersion><SiteDSN>commonspot-site-live</SiteDSN><SiteDir>C:/data/web/cs60/cs_sites/live</SiteDir><SiteID>2</SiteID><SiteSchemaVersion>2010-04-15 10:00:00</SiteSchemaVersion><UsersDSN>commonspot-users</UsersDSN><UsersSchemaVersion>2010-04-15 10:00:00</UsersSchemaVersion></CommonSpotPacket>
