<?xml version="1.0" encoding="UTF-8"?>
<FileList><File><Zippath>/data/web/ADF/apps/pt_photo_gallery/renderhandlers/banner_photos.cfm</Zippath><Fullname>C:/data/web/ADF/apps/pt_photo_gallery/renderhandlers/banner_photos.cfm</Fullname><Status>Success</Status><LastModifiedTimeStamp>1249415144305</LastModifiedTimeStamp><Filepath>C:/data/web/ADF/apps/pt_photo_gallery/renderhandlers</Filepath><LastModifiedOn>August 4, 2009 3:45:44 PM EDT</LastModifiedOn><MD5>221870d69b02bd6df4fe001a5ccb5447</MD5><Filename>banner_photos.cfm</Filename></File><File><Zippath>/data/web/ADF/apps/pt_photo_gallery/renderhandlers/carousel_display_rh.cfm</Zippath><Fullname>C:/data/web/ADF/apps/pt_photo_gallery/renderhandlers/carousel_display_rh.cfm</Fullname><Status>Success</Status><LastModifiedTimeStamp>1249415247212</LastModifiedTimeStamp><Filepath>C:/data/web/ADF/apps/pt_photo_gallery/renderhandlers</Filepath><LastModifiedOn>August 4, 2009 3:47:27 PM EDT</LastModifiedOn><MD5>270d5d858ac3402b1d88bf70517054f9</MD5><Filename>carousel_display_rh.cfm</Filename></File><File><Zippath>/data/web/ADF/apps/pt_photo_gallery/renderhandlers/galleryview_display_rh.cfm</Zippath><Fullname>C:/data/web/ADF/apps/pt_photo_gallery/renderhandlers/galleryview_display_rh.cfm</Fullname><Status>Success</Status><LastModifiedTimeStamp>1249415276047</LastModifiedTimeStamp><Filepath>C:/data/web/ADF/apps/pt_photo_gallery/renderhandlers</Filepath><LastModifiedOn>August 4, 2009 3:47:56 PM EDT</LastModifiedOn><MD5>b3de6bc5e5d1bc45ae048eec9f8539c3</MD5><Filename>galleryview_display_rh.cfm</Filename></File><File><Zippath>/data/web/ADF/apps/pt_photo_gallery/renderhandlers/listing_display_rh.cfm</Zippath><Fullname>C:/data/web/ADF/apps/pt_photo_gallery/renderhandlers/listing_display_rh.cfm</Fullname><Status>Success</Status><LastModifiedTimeStamp>1249415196695</LastModifiedTimeStamp><Filepath>C:/data/web/ADF/apps/pt_photo_gallery/renderhandlers</Filepath><LastModifiedOn>August 4, 2009 3:46:36 PM EDT</LastModifiedOn><MD5>83ec97505fe480fe7dbbccadd3963201</MD5><Filename>listing_display_rh.cfm</Filename></File><File><Zippath>/data/web/ADF/extensions/customfields/general_chooser/general_chooser_props.cfm</Zippath><Fullname>C:/data/web/ADF/extensions/customfields/general_chooser/general_chooser_props.cfm</Fullname><Status>Success</Status><LastModifiedTimeStamp>1248380251127</LastModifiedTimeStamp><Filepath>C:/data/web/ADF/extensions/customfields/general_chooser</Filepath><LastModifiedOn>July 23, 2009 4:17:31 PM EDT</LastModifiedOn><MD5>df3d51e515f8b5ad0e8f26edd82d31ed</MD5><Filename>general_chooser_props.cfm</Filename></File><File><Zippath>/data/web/ADF/extensions/customfields/general_chooser/general_chooser_render.cfm</Zippath><Fullname>C:/data/web/ADF/extensions/customfields/general_chooser/general_chooser_render.cfm</Fullname><Status>Success</Status><LastModifiedTimeStamp>1249051899547</LastModifiedTimeStamp><Filepath>C:/data/web/ADF/extensions/customfields/general_chooser</Filepath><LastModifiedOn>July 31, 2009 10:51:39 AM EDT</LastModifiedOn><MD5>5a5d254c21a739a670df514b7c727d2c</MD5><Filename>general_chooser_render.cfm</Filename></File></FileList>