﻿<FileList class="array"><Struct><Filename>cycle_display_rh.cfm</Filename><Filepath>C:/data/web/Apps/pt_photo_gallery/renderhandlers</Filepath><Fullname>C:/data/web/Apps/pt_photo_gallery/renderhandlers/cycle_display_rh.cfm</Fullname><LastModifiedOn>April 30, 2010 1:51:26 PM EDT</LastModifiedOn><LastModifiedTimeStamp>1272649886548</LastModifiedTimeStamp><MD5>1a9feee0f5051794bdb469b952f919ba</MD5><Status>Success</Status><Zippath>/data/web/Apps/pt_photo_gallery/renderhandlers/cycle_display_rh.cfm</Zippath></Struct><Struct><Filename>cycle_thumb_nav_rh.cfm</Filename><Filepath>C:/data/web/Apps/pt_photo_gallery/renderhandlers</Filepath><Fullname>C:/data/web/Apps/pt_photo_gallery/renderhandlers/cycle_thumb_nav_rh.cfm</Fullname><LastModifiedOn>April 30, 2010 1:51:38 PM EDT</LastModifiedOn><LastModifiedTimeStamp>1272649898142</LastModifiedTimeStamp><MD5>381d967be015ded2d7077e86dd37f021</MD5><Status>Success</Status><Zippath>/data/web/Apps/pt_photo_gallery/renderhandlers/cycle_thumb_nav_rh.cfm</Zippath></Struct><Struct><Filename>grid_display_rh.cfm</Filename><Filepath>C:/data/web/Apps/pt_photo_gallery/renderhandlers</Filepath><Fullname>C:/data/web/Apps/pt_photo_gallery/renderhandlers/grid_display_rh.cfm</Fullname><LastModifiedOn>April 30, 2010 1:51:55 PM EDT</LastModifiedOn><LastModifiedTimeStamp>1272649915596</LastModifiedTimeStamp><MD5>0f0f5d3124ce2e7c208f93493dfe5e62</MD5><Status>Success</Status><Zippath>/data/web/Apps/pt_photo_gallery/renderhandlers/grid_display_rh.cfm</Zippath></Struct><Struct><Filename>general_chooser_props.cfm</Filename><Filepath>C:/data/web/ADF/extensions/customfields/general_chooser</Filepath><Fullname>C:/data/web/ADF/extensions/customfields/general_chooser/general_chooser_props.cfm</Fullname><LastModifiedOn>July 13, 2010 8:18:25 AM EDT</LastModifiedOn><LastModifiedTimeStamp>1279023505174</LastModifiedTimeStamp><MD5>677cba814a85412d674f9de730f8ce00</MD5><Status>Success</Status><Zippath>/data/web/ADF/extensions/customfields/general_chooser/general_chooser_props.cfm</Zippath></Struct><Struct><Filename>photo_chooser_render.cfm</Filename><Filepath>C:/data/web/Apps/pt_photo_gallery/customfields</Filepath><Fullname>C:/data/web/Apps/pt_photo_gallery/customfields/photo_chooser_render.cfm</Fullname><LastModifiedOn>August 19, 2010 12:48:21 PM EDT</LastModifiedOn><LastModifiedTimeStamp>1282236501060</LastModifiedTimeStamp><MD5>fe5e5a58caf000b0c2a076c09d86e8a8</MD5><Status>Success</Status><Zippath>/data/web/Apps/pt_photo_gallery/customfields/photo_chooser_render.cfm</Zippath></Struct></FileList>
