﻿<FileList class="array"><Struct><Filename>banner_photos.cfm</Filename><Filepath>C:/data/web/Apps/pt_photo_gallery/renderhandlers</Filepath><Fullname>C:/data/web/Apps/pt_photo_gallery/renderhandlers/banner_photos.cfm</Fullname><LastModifiedOn>October 16, 2009 9:52:48 AM EDT</LastModifiedOn><LastModifiedTimeStamp>1255701168100</LastModifiedTimeStamp><MD5>ad31521c1c371fa79b62b1b341b956fc</MD5><Status>Success</Status><Zippath>/data/web/Apps/pt_photo_gallery/renderhandlers/banner_photos.cfm</Zippath></Struct><Struct><Filename>carousel_display_rh.cfm</Filename><Filepath>C:/data/web/Apps/pt_photo_gallery/renderhandlers</Filepath><Fullname>C:/data/web/Apps/pt_photo_gallery/renderhandlers/carousel_display_rh.cfm</Fullname><LastModifiedOn>March 5, 2010 3:51:38 PM EST</LastModifiedOn><LastModifiedTimeStamp>1267822298874</LastModifiedTimeStamp><MD5>fcf19f155a9539029da4c1232966b70b</MD5><Status>Success</Status><Zippath>/data/web/Apps/pt_photo_gallery/renderhandlers/carousel_display_rh.cfm</Zippath></Struct><Struct><Filename>galleryview_display_rh.cfm</Filename><Filepath>C:/data/web/Apps/pt_photo_gallery/renderhandlers</Filepath><Fullname>C:/data/web/Apps/pt_photo_gallery/renderhandlers/galleryview_display_rh.cfm</Fullname><LastModifiedOn>August 19, 2009 10:01:29 AM EDT</LastModifiedOn><LastModifiedTimeStamp>1250690489793</LastModifiedTimeStamp><MD5>b3de6bc5e5d1bc45ae048eec9f8539c3</MD5><Status>Success</Status><Zippath>/data/web/Apps/pt_photo_gallery/renderhandlers/galleryview_display_rh.cfm</Zippath></Struct><Struct><Filename>listing_display_rh.cfm</Filename><Filepath>C:/data/web/Apps/pt_photo_gallery/renderhandlers</Filepath><Fullname>C:/data/web/Apps/pt_photo_gallery/renderhandlers/listing_display_rh.cfm</Fullname><LastModifiedOn>August 19, 2009 10:01:29 AM EDT</LastModifiedOn><LastModifiedTimeStamp>1250690489793</LastModifiedTimeStamp><MD5>442dcbe8ad605c0718d79bb368772f41</MD5><Status>Success</Status><Zippath>/data/web/Apps/pt_photo_gallery/renderhandlers/listing_display_rh.cfm</Zippath></Struct><Struct><Filename>general_chooser_props.cfm</Filename><Filepath>C:/data/web/ADF/extensions/customfields/general_chooser</Filepath><Fullname>C:/data/web/ADF/extensions/customfields/general_chooser/general_chooser_props.cfm</Fullname><LastModifiedOn>March 29, 2010 6:15:40 PM EDT</LastModifiedOn><LastModifiedTimeStamp>1269900940878</LastModifiedTimeStamp><MD5>677cba814a85412d674f9de730f8ce00</MD5><Status>Success</Status><Zippath>/data/web/ADF/extensions/customfields/general_chooser/general_chooser_props.cfm</Zippath></Struct><Struct><Filename>general_chooser_render.cfm</Filename><Filepath>C:/data/web/ADF/extensions/customfields/general_chooser</Filepath><Fullname>C:/data/web/ADF/extensions/customfields/general_chooser/general_chooser_render.cfm</Fullname><LastModifiedOn>March 29, 2010 6:15:50 PM EDT</LastModifiedOn><LastModifiedTimeStamp>1269900950675</LastModifiedTimeStamp><MD5>fa4682ce409790dc68005d19d2738c0a</MD5><Status>Success</Status><Zippath>/data/web/ADF/extensions/customfields/general_chooser/general_chooser_render.cfm</Zippath></Struct></FileList>
