<?xml version="1.0" encoding="UTF-8"?>
<FileList><File><Zippath>/data/web/Apps/pt_photo_gallery/renderhandlers/cycle_display_rh.cfm</Zippath><Fullname>C:/data/web/Apps/pt_photo_gallery/renderhandlers/cycle_display_rh.cfm</Fullname><Status>Success</Status><LastModifiedTimeStamp>1270161196419</LastModifiedTimeStamp><Filepath>C:/data/web/Apps/pt_photo_gallery/renderhandlers</Filepath><LastModifiedOn>April 1, 2010 6:33:16 PM EDT</LastModifiedOn><MD5>fe050f6ea1e9790f445d7da8cb30964b</MD5><Filename>cycle_display_rh.cfm</Filename></File><File><Zippath>/data/web/Apps/pt_photo_gallery/renderhandlers/cycle_thumb_nav_rh.cfm</Zippath><Fullname>C:/data/web/Apps/pt_photo_gallery/renderhandlers/cycle_thumb_nav_rh.cfm</Fullname><Status>Success</Status><LastModifiedTimeStamp>1270162486773</LastModifiedTimeStamp><Filepath>C:/data/web/Apps/pt_photo_gallery/renderhandlers</Filepath><LastModifiedOn>April 1, 2010 6:54:46 PM EDT</LastModifiedOn><MD5>b92a6acd78e4c141d87e402d81c14aaf</MD5><Filename>cycle_thumb_nav_rh.cfm</Filename></File><File><Zippath>/data/web/Apps/pt_photo_gallery/renderhandlers/grid_display_rh.cfm</Zippath><Fullname>C:/data/web/Apps/pt_photo_gallery/renderhandlers/grid_display_rh.cfm</Fullname><Status>Success</Status><LastModifiedTimeStamp>1270158212615</LastModifiedTimeStamp><Filepath>C:/data/web/Apps/pt_photo_gallery/renderhandlers</Filepath><LastModifiedOn>April 1, 2010 5:43:32 PM EDT</LastModifiedOn><MD5>26d03192f1f64ef81064ee3bab6f92d4</MD5><Filename>grid_display_rh.cfm</Filename></File><File><Zippath>/data/web/ADF/extensions/customfields/general_chooser/general_chooser_props.cfm</Zippath><Fullname>C:/data/web/ADF/extensions/customfields/general_chooser/general_chooser_props.cfm</Fullname><Status>Success</Status><LastModifiedTimeStamp>1270559322720</LastModifiedTimeStamp><Filepath>C:/data/web/ADF/extensions/customfields/general_chooser</Filepath><LastModifiedOn>April 6, 2010 9:08:42 AM EDT</LastModifiedOn><MD5>677cba814a85412d674f9de730f8ce00</MD5><Filename>general_chooser_props.cfm</Filename></File><File><Zippath>/data/web/Apps/pt_photo_gallery/customfields/photo_chooser_render.cfm</Zippath><Fullname>C:/data/web/Apps/pt_photo_gallery/customfields/photo_chooser_render.cfm</Fullname><Status>Success</Status><LastModifiedTimeStamp>1270834766201</LastModifiedTimeStamp><Filepath>C:/data/web/Apps/pt_photo_gallery/customfields</Filepath><LastModifiedOn>April 9, 2010 1:39:26 PM EDT</LastModifiedOn><MD5>26ff741ce924fa8136e47d749880d4b7</MD5><Filename>photo_chooser_render.cfm</Filename></File></FileList>