﻿<CommonSpotPacket type="Struct"><CheckADF>C:/Servers/Web/ADF/</CheckADF><CommonSpotDir>C:/Servers/Web/cspot/commonspot</CommonSpotDir><CommonSpotVersion>Build 5.1.1.160</CommonSpotVersion><Dependency class="array"></Dependency><ExportedObjects class="array"><Struct><CurrentDataVersion>2007-07-17 09:00:00</CurrentDataVersion><DateLastModified>2011-03-31 19:54:01</DateLastModified><Description>Custom field to control the photo reference name (directory) and default based on the title entered.</Description><GUID>0ED478BA-9FAF-AE25-9875-9936B7B07350</GUID><MinReaderVersion>2007-07-17 09:00:00</MinReaderVersion><Name>Photo Reference Name</Name><PackageID>1606</PackageID><Type>Custom Field Type</Type></Struct></ExportedObjects><PackageTimestamp>2011-04-01 09:26:41</PackageTimestamp><ServerLicenseID>507168</ServerLicenseID><ServerSchemaVersion>2008-09-25 11:20:00</ServerSchemaVersion><SiteDSN>commonspot-site-live</SiteDSN><SiteDir>C:/Servers/Web/cspot/cs_sites/live</SiteDir><SiteID>1</SiteID><SiteSchemaVersion>2009-01-31 08:45:00</SiteSchemaVersion><UsersDSN>commonspot-users</UsersDSN><UsersSchemaVersion>2008-11-24 18:00:00</UsersSchemaVersion></CommonSpotPacket>
