﻿<?xml version="1.0" encoding="UTF-8"?>
<CustomFieldType><MappedIDs><MappedID><Name>CustomFieldTypeID</Name><Value>1606</Value><DateLastModified>2011-03-31 19:54:01</DateLastModified></MappedID></MappedIDs><ObjectParams><ExportedObjectType>Custom Field Type</ExportedObjectType><Name>Photo Reference Name</Name><GUID>0ED478BA-9FAF-AE25-9875-9936B7B07350</GUID><Description>Custom field to control the photo reference name (directory) and default based on the title entered.</Description><Module><PropertyModule>/ADF/apps/pt_photo_gallery/customfields/photo_directory_props.cfm</PropertyModule><RenderModule>/ADF/apps/pt_photo_gallery/customfields/photo_directory_render.cfm</RenderModule></Module></ObjectParams></CustomFieldType>
