<?xml version="1.0" encoding="UTF-8"?>
<FileList><File><Zippath>/Servers/Web/ADF/apps/pt_photo_gallery/customfields/photo_directory_props.cfm</Zippath><Fullname>C:/Servers/Web/ADF/apps/pt_photo_gallery/customfields/photo_directory_props.cfm</Fullname><Status>Success</Status><LastModifiedTimeStamp>1301432153452</LastModifiedTimeStamp><Filepath>C:/Servers/Web/ADF/apps/pt_photo_gallery/customfields</Filepath><LastModifiedOn>March 29, 2011 4:55:53 PM EDT</LastModifiedOn><MD5>f6f0431e92e14c2b25e75f4428dafcd9</MD5><Filename>photo_directory_props.cfm</Filename></File><File><Zippath>/Servers/Web/ADF/apps/pt_photo_gallery/customfields/photo_directory_render.cfm</Zippath><Fullname>C:/Servers/Web/ADF/apps/pt_photo_gallery/customfields/photo_directory_render.cfm</Fullname><Status>Success</Status><LastModifiedTimeStamp>1301658985814</LastModifiedTimeStamp><Filepath>C:/Servers/Web/ADF/apps/pt_photo_gallery/customfields</Filepath><LastModifiedOn>April 1, 2011 7:56:25 AM EDT</LastModifiedOn><MD5>7d40d0605e45cddcec18599d464a366b</MD5><Filename>photo_directory_render.cfm</Filename></File></FileList>