﻿<CommonSpotPacket type="Struct"><CommonSpotDir>C:/data/web/cs501/commonspot</CommonSpotDir><CommonSpotVersion>Build 5.0.2.56</CommonSpotVersion><Dependency class="array"></Dependency><ExportedObjects class="array"><Struct><CurrentDataVersion>2007-07-17 09:00:00</CurrentDataVersion><DateLastModified>2009-08-04 15:19:37</DateLastModified><Description/><GUID>F9A68646-1C23-266A-32E8-9B8DD1B034E6</GUID><MinReaderVersion>2007-07-17 09:00:00</MinReaderVersion><Name>PhotoRenderSize</Name><PackageID>1421</PackageID><Type>Metadata Form</Type></Struct><Struct><CurrentDataVersion>2007-07-17 09:00:00</CurrentDataVersion><DateLastModified>2009-07-06 09:59:32</DateLastModified><Description>Custom Element Select Field to define the CE and CE fields as display and value.  Also, set flag to show/hide, set default value, and give an ID value to the select form field.</Description><GUID>BDF9E347-1C23-266A-321A-9AEBB0D757A6</GUID><MinReaderVersion>2007-07-17 09:00:00</MinReaderVersion><Name>Custom Element Select Field</Name><PackageID>1529</PackageID><Type>Custom Field Type</Type></Struct></ExportedObjects><PackageTimestamp>2009-08-04 16:00:03</PackageTimestamp><ServerLicenseID>507168</ServerLicenseID><ServerSchemaVersion>2007-09-06 08:00:00</ServerSchemaVersion><SiteDSN>commonspot-site-photogallery</SiteDSN><SiteDir>C:/data/web/cs501/cs_sites/photogallery</SiteDir><SiteID>9</SiteID><SiteSchemaVersion>2007-09-17 11:25:00</SiteSchemaVersion><UsersDSN>commonspot-users</UsersDSN><UsersSchemaVersion>2007-06-11 17:35:00</UsersSchemaVersion></CommonSpotPacket>
