﻿<CommonSpotPacket type="Struct"><CheckADF>C:/data/web/ADF/</CheckADF><CommonSpotDir>C:/data/web/cs60/commonspot</CommonSpotDir><CommonSpotVersion>Build 6.0.0.734</CommonSpotVersion><Dependency class="array"></Dependency><ExportedObjects class="array"><Struct><CurrentDataVersion>2007-07-17 09:00:00</CurrentDataVersion><DateLastModified>2010-04-29 10:32:42</DateLastModified><Description/><GUID>59AB8B18-1C23-266A-32A1-24FC5AEB1469</GUID><MinReaderVersion>2007-07-17 09:00:00</MinReaderVersion><Name>PhotoRenderSize</Name><PackageID>2287</PackageID><Type>Metadata Form</Type></Struct><Struct><CurrentDataVersion>2007-07-17 09:00:00</CurrentDataVersion><DateLastModified>2010-04-29 10:32:42</DateLastModified><Description>Selection field from the Photo Size custom element records.  Only to be used in a metadata form.</Description><GUID>59AB8B56-1C23-266A-32E6-5CBE69CAD169</GUID><MinReaderVersion>2007-07-17 09:00:00</MinReaderVersion><Name>Photo Size Select Metadata Form Field</Name><PackageID>2289</PackageID><Type>Custom Field Type</Type></Struct></ExportedObjects><PackageTimestamp>2010-09-28 14:47:18</PackageTimestamp><ServerLicenseID>507168</ServerLicenseID><ServerSchemaVersion>2010-04-15 10:00:00</ServerSchemaVersion><SiteDSN>commonspot-site-live</SiteDSN><SiteDir>C:/data/web/cs60/cs_sites/live</SiteDir><SiteID>2</SiteID><SiteSchemaVersion>2010-04-15 10:00:00</SiteSchemaVersion><UsersDSN>commonspot-users</UsersDSN><UsersSchemaVersion>2010-04-15 10:00:00</UsersSchemaVersion></CommonSpotPacket>
