﻿<?xml version="1.0" encoding="UTF-8"?>
<MetadataForm><MappedIDs><MappedID><Name>MetadataFormID</Name><Value>2287</Value></MappedID><MappedID><Name>FieldID</Name><Value>2291</Value><ParentID>2287</ParentID><DateLastModified>2010-04-29 10:32:42</DateLastModified></MappedID><MappedID><Name>FieldID</Name><Value>2292</Value><ParentID>2287</ParentID><DateLastModified>2010-04-29 10:32:42</DateLastModified></MappedID><MappedID><Name>TabID</Name><Value>2288</Value><ParentID>2287</ParentID><DateLastModified>2010-04-29 10:32:42</DateLastModified></MappedID><MappedID><Name>CustomFieldTypeID</Name><Value>2289</Value><DateLastModified>2010-04-29 10:32:42</DateLastModified></MappedID></MappedIDs><CustomFieldTypes><CustomFieldType><ID>2289</ID><Name>Photo Size Select Metadata Form Field</Name><GUID>59AB8B56-1C23-266A-32E6-5CBE69CAD169</GUID><Description>Selection field from the Photo Size custom element records.  Only to be used in a metadata form.</Description><CSDataType/><Module><PropertyModule>/ADF/apps/pt_photo_gallery/customfields/photo_size_select_metadata_form_field_props.cfm</PropertyModule><RenderModule>/ADF/apps/pt_photo_gallery/customfields/photo_size_select_metadata_form_field_render.cfm</RenderModule></Module></CustomFieldType></CustomFieldTypes><FieldDefinitions><FieldDefinition><ID>2291</ID><Name>Photo Size Select</Name><ControlName>FIC_photoSizeSelect</ControlName><Description>Select the Photo Size to render in the custom render handler.</Description><Type>Photo Size Select Metadata Form Field</Type><Properties><IsCustomFieldType>1</IsCustomFieldType><IsShared>0</IsShared><Position>1</Position><TabName>PhotoSizeSelect</TabName><INPUTPARAMS type="Struct"><ID>2291.0</ID><LABEL>Photo Size Select</LABEL><PEDIT/><PREAD/><READONLY>0</READONLY><REQ>No</REQ><SHARED>0</SHARED><TABID>2288.0</TABID><USESECURITY>0</USESECURITY></INPUTPARAMS></Properties></FieldDefinition><FieldDefinition><ID>2292</ID><Name>Detail Photo Size</Name><ControlName>FIC_detailSize</ControlName><Description>Select the Photo Size to render for the full photo page display.</Description><Type>Photo Size Select Metadata Form Field</Type><Properties><IsCustomFieldType>1</IsCustomFieldType><IsShared>0</IsShared><Position>2</Position><TabName>PhotoSizeSelect</TabName><INPUTPARAMS type="Struct"><ID>2292.0</ID><LABEL>Detail Photo Size</LABEL><PEDIT/><PREAD/><READONLY>0</READONLY><REQ>No</REQ><SHARED>0</SHARED><TABID>2288.0</TABID><USESECURITY>0</USESECURITY></INPUTPARAMS></Properties></FieldDefinition></FieldDefinitions><TabDefinitions><TabDefinition><ID>2288</ID><DisplayName>PhotoSizeSelect</DisplayName><SortName>photosizeselect</SortName></TabDefinition></TabDefinitions><ObjectParams><Name>PhotoRenderSize</Name><GUID>59AB8B18-1C23-266A-32A1-24FC5AEB1469</GUID><ExportedObjectType>Metadata Form</ExportedObjectType><AllowInheritFromTemplate>0</AllowInheritFromTemplate></ObjectParams></MetadataForm>
