﻿<CommonSpotPacket type="Struct"><CommonSpotDir>C:/data/web/cs51/commonspot</CommonSpotDir><CommonSpotVersion>Build 5.1.0.128</CommonSpotVersion><Dependency class="array"></Dependency><ExportedObjects class="array"><Struct><CurrentDataVersion>2007-07-17 09:00:00</CurrentDataVersion><DateLastModified>2010-04-01 12:39:35</DateLastModified><Description/><GUID>DE2B6D15-1C23-266A-32B7-F1A37AF3B92F</GUID><MinReaderVersion>2007-07-17 09:00:00</MinReaderVersion><Name>PhotoRenderSize</Name><PackageID>1553</PackageID><Type>Metadata Form</Type></Struct><Struct><CurrentDataVersion>2007-07-17 09:00:00</CurrentDataVersion><DateLastModified>2010-04-01 12:30:29</DateLastModified><Description>Selection field from the Photo Size custom element records.  Only to be used in a metadata form.</Description><GUID>DE2B6DE0-1C23-266A-3252-A02E90F74316</GUID><MinReaderVersion>2007-07-17 09:00:00</MinReaderVersion><Name>Photo Size Select Metadata Form Field</Name><PackageID>1633</PackageID><Type>Custom Field Type</Type></Struct></ExportedObjects><PackageTimestamp>2010-04-08 12:05:45</PackageTimestamp><ServerLicenseID>507168</ServerLicenseID><ServerSchemaVersion>2008-09-25 11:20:00</ServerSchemaVersion><SiteDSN>commonspot-site-live</SiteDSN><SiteDir>C:/data/web/cs51/cs_sites/live</SiteDir><SiteID>7</SiteID><SiteSchemaVersion>2009-01-31 08:45:00</SiteSchemaVersion><UsersDSN>commonspot-users</UsersDSN><UsersSchemaVersion>2008-11-24 18:00:00</UsersSchemaVersion></CommonSpotPacket>
