﻿<?xml version="1.0" encoding="UTF-8"?>
<MetadataForm><MappedIDs><MappedID><Name>MetadataFormID</Name><Value>1421</Value></MappedID><MappedID><Name>FieldID</Name><Value>1427</Value><ParentID>1421</ParentID><DateLastModified>2009-08-04 15:19:37</DateLastModified></MappedID><MappedID><Name>TabID</Name><Value>1422</Value><ParentID>1421</ParentID><DateLastModified>2009-06-10 12:32:25</DateLastModified></MappedID><MappedID><Name>CustomFieldTypeID</Name><Value>1529</Value><DateLastModified>2009-07-06 09:59:32</DateLastModified></MappedID></MappedIDs><CustomFieldTypes><CustomFieldType><ID>1529</ID><Name>Custom Element Select Field</Name><GUID>BDF9E347-1C23-266A-321A-9AEBB0D757A6</GUID><Description>Custom Element Select Field to define the CE and CE fields as display and value.  Also, set flag to show/hide, set default value, and give an ID value to the select form field.</Description><Module><PropertyModule>/ADF/extensions/customfields/custom_element_select_field/custom_element_select_field_props.cfm</PropertyModule><RenderModule>/ADF/extensions/customfields/custom_element_select_field/custom_element_select_field_render.cfm</RenderModule></Module></CustomFieldType></CustomFieldTypes><FieldDefinitions><FieldDefinition><ID>1427</ID><Name>Photo Size Select</Name><ControlName>FIC_photoSizeSelect</ControlName><Description/><Type>Custom Element Select Field</Type><Properties><IsCustomFieldType>1</IsCustomFieldType><IsShared>0</IsShared><Position>1</Position><TabName>PhotoSizeSelect</TabName><INPUTPARAMS type="Struct"><CUSTOMELEMENT>Photo_Size</CUSTOMELEMENT><DEFAULTVAL/><DISPLAYFIELD>title</DISPLAYFIELD><FLDNAME/><ID>1427</ID><LABEL>Photo Size Select</LABEL><PEDIT/><PREAD/><READONLY>0</READONLY><RENDERFIELD>yes</RENDERFIELD><REQ>No</REQ><SHARED>0</SHARED><USESECURITY>0</USESECURITY><VALUEFIELD>sizeid</VALUEFIELD></INPUTPARAMS></Properties></FieldDefinition></FieldDefinitions><TabDefinitions><TabDefinition><ID>1422</ID><DisplayName>PhotoSizeSelect</DisplayName><SortName>photosizeselect</SortName></TabDefinition></TabDefinitions><ObjectParams><Name>PhotoRenderSize</Name><GUID>F9A68646-1C23-266A-32E8-9B8DD1B034E6</GUID><ExportedObjectType>Metadata Form</ExportedObjectType><AllowInheritFromTemplate>0</AllowInheritFromTemplate></ObjectParams></MetadataForm>
