﻿<?xml version="1.0" encoding="UTF-8"?>
<MetadataForm><MappedIDs><MappedID><Name>MetadataFormID</Name><Value>1553</Value></MappedID><MappedID><Name>FieldID</Name><Value>1557</Value><ParentID>1553</ParentID><DateLastModified>2010-04-01 12:39:35</DateLastModified></MappedID><MappedID><Name>FieldID</Name><Value>1623</Value><ParentID>1553</ParentID><DateLastModified>2010-04-01 12:39:35</DateLastModified></MappedID><MappedID><Name>TabID</Name><Value>1554</Value><ParentID>1553</ParentID><DateLastModified>2010-03-31 22:03:51</DateLastModified></MappedID><MappedID><Name>CustomFieldTypeID</Name><Value>1633</Value><DateLastModified>2010-04-01 12:30:29</DateLastModified></MappedID></MappedIDs><CustomFieldTypes><CustomFieldType><ID>1633</ID><Name>Photo Size Select Metadata Form Field</Name><GUID>DE2B6DE0-1C23-266A-3252-A02E90F74316</GUID><Description>Selection field from the Photo Size custom element records.  Only to be used in a metadata form.</Description><Module><PropertyModule>/ADF/apps/pt_photo_gallery/customfields/photo_size_select_metadata_form_field_props.cfm</PropertyModule><RenderModule>/ADF/apps/pt_photo_gallery/customfields/photo_size_select_metadata_form_field_render.cfm</RenderModule></Module></CustomFieldType></CustomFieldTypes><FieldDefinitions><FieldDefinition><ID>1557</ID><Name>Photo Size Select</Name><ControlName>FIC_photoSizeSelect</ControlName><Description>Select the Photo Size to render in the custom render handler.</Description><Type>Photo Size Select Metadata Form Field</Type><Properties><IsCustomFieldType>1</IsCustomFieldType><IsShared>0</IsShared><Position>1</Position><TabName>PhotoSizeSelect</TabName><INPUTPARAMS type="Struct"><ID>1557</ID><LABEL>Photo Size Select</LABEL><PEDIT/><PREAD/><READONLY>0</READONLY><REQ>No</REQ><SHARED>0</SHARED><USESECURITY>0</USESECURITY></INPUTPARAMS></Properties></FieldDefinition><FieldDefinition><ID>1623</ID><Name>Detail Photo Size</Name><ControlName>FIC_detailSize</ControlName><Description>Select the Photo Size to render for the full photo page display.</Description><Type>Photo Size Select Metadata Form Field</Type><Properties><IsCustomFieldType>1</IsCustomFieldType><IsShared>0</IsShared><Position>2</Position><TabName>PhotoSizeSelect</TabName><INPUTPARAMS type="Struct"><ID>1623</ID><LABEL>Detail Photo Size</LABEL><PEDIT/><PREAD/><READONLY>0</READONLY><REQ>No</REQ><SHARED>0</SHARED><USESECURITY>0</USESECURITY></INPUTPARAMS></Properties></FieldDefinition></FieldDefinitions><TabDefinitions><TabDefinition><ID>1554</ID><DisplayName>PhotoSizeSelect</DisplayName><SortName>photosizeselect</SortName></TabDefinition></TabDefinitions><ObjectParams><Name>PhotoRenderSize</Name><GUID>DE2B6D15-1C23-266A-32B7-F1A37AF3B92F</GUID><ExportedObjectType>Metadata Form</ExportedObjectType><AllowInheritFromTemplate>0</AllowInheritFromTemplate></ObjectParams></MetadataForm>
