<?xml version="1.0" encoding="UTF-8"?>
<FileList><File><Zippath>/data/web/Apps/pt_photo_gallery/customfields/photo_size_select_metadata_form_field_props.cfm</Zippath><Fullname>C:/data/web/Apps/pt_photo_gallery/customfields/photo_size_select_metadata_form_field_props.cfm</Fullname><Status>Success</Status><LastModifiedTimeStamp>1270139335410</LastModifiedTimeStamp><Filepath>C:/data/web/Apps/pt_photo_gallery/customfields</Filepath><LastModifiedOn>April 1, 2010 12:28:55 PM EDT</LastModifiedOn><MD5>9d2d4da242d38df671f338ef53a20971</MD5><Filename>photo_size_select_metadata_form_field_props.cfm</Filename></File><File><Zippath>/data/web/Apps/pt_photo_gallery/customfields/photo_size_select_metadata_form_field_render.cfm</Zippath><Fullname>C:/data/web/Apps/pt_photo_gallery/customfields/photo_size_select_metadata_form_field_render.cfm</Fullname><Status>Success</Status><LastModifiedTimeStamp>1270139952531</LastModifiedTimeStamp><Filepath>C:/data/web/Apps/pt_photo_gallery/customfields</Filepath><LastModifiedOn>April 1, 2010 12:39:12 PM EDT</LastModifiedOn><MD5>80e83cc433daa7204629d96de18c6937</MD5><Filename>photo_size_select_metadata_form_field_render.cfm</Filename></File></FileList>