<?xml version="1.0" encoding="UTF-8"?>
<FileList><File><Zippath>/data/web/ADF/extensions/customfields/custom_element_select_field/custom_element_select_field_props.cfm</Zippath><Fullname>C:/data/web/ADF/extensions/customfields/custom_element_select_field/custom_element_select_field_props.cfm</Fullname><Status>Success</Status><LastModifiedTimeStamp>1248380252174</LastModifiedTimeStamp><Filepath>C:/data/web/ADF/extensions/customfields/custom_element_select_field</Filepath><LastModifiedOn>July 23, 2009 4:17:32 PM EDT</LastModifiedOn><MD5>699a15a77d760573e334cc2ee356aeba</MD5><Filename>custom_element_select_field_props.cfm</Filename></File><File><Zippath>/data/web/ADF/extensions/customfields/custom_element_select_field/custom_element_select_field_render.cfm</Zippath><Fullname>C:/data/web/ADF/extensions/customfields/custom_element_select_field/custom_element_select_field_render.cfm</Fullname><Status>Success</Status><LastModifiedTimeStamp>1248744610602</LastModifiedTimeStamp><Filepath>C:/data/web/ADF/extensions/customfields/custom_element_select_field</Filepath><LastModifiedOn>July 27, 2009 9:30:10 PM EDT</LastModifiedOn><MD5>177539dacba442f64209a4e683fa4a42</MD5><Filename>custom_element_select_field_render.cfm</Filename></File></FileList>