﻿<FileList class="array"><Struct><Filename>photo_size_select_metadata_form_field_props.cfm</Filename><Filepath>C:/data/web/Apps/pt_photo_gallery/customfields</Filepath><Fullname>C:/data/web/Apps/pt_photo_gallery/customfields/photo_size_select_metadata_form_field_props.cfm</Fullname><LastModifiedOn>April 30, 2010 1:44:48 PM EDT</LastModifiedOn><LastModifiedTimeStamp>1272649488981</LastModifiedTimeStamp><MD5>1b9c740b3e36213cdec0e537eebdb824</MD5><Status>Success</Status><Zippath>/data/web/Apps/pt_photo_gallery/customfields/photo_size_select_metadata_form_field_props.cfm</Zippath></Struct><Struct><Filename>photo_size_select_metadata_form_field_render.cfm</Filename><Filepath>C:/data/web/Apps/pt_photo_gallery/customfields</Filepath><Fullname>C:/data/web/Apps/pt_photo_gallery/customfields/photo_size_select_metadata_form_field_render.cfm</Fullname><LastModifiedOn>August 19, 2010 12:49:11 PM EDT</LastModifiedOn><LastModifiedTimeStamp>1282236551067</LastModifiedTimeStamp><MD5>346bedd92e8292567337fb2694712b03</MD5><Status>Success</Status><Zippath>/data/web/Apps/pt_photo_gallery/customfields/photo_size_select_metadata_form_field_render.cfm</Zippath></Struct></FileList>
