﻿<CommonSpotPacket type="Struct"><CommonSpotDir>C:/data/web/cs501/commonspot</CommonSpotDir><CommonSpotVersion>Build 5.0.2.56</CommonSpotVersion><Dependency class="array"></Dependency><ExportedObjects class="array"><Struct><CurrentDataVersion>2007-07-17 09:00:00</CurrentDataVersion><DateLastModified>2009-07-06 11:23:10</DateLastModified><Description>Photo Size custom element.</Description><GUID>F98524B3-1C23-266A-3263-5779AC4D1AC2</GUID><MinReaderVersion>2007-07-17 09:00:00</MinReaderVersion><Name>Photo Size</Name><PackageID>1340</PackageID><Type>Custom Element</Type></Struct><Struct><CurrentDataVersion>2007-07-17 09:00:00</CurrentDataVersion><DateLastModified>2009-07-06 10:46:43</DateLastModified><Description>Custom text field to specify a field ID and action property set to allow one edit, then the field is read only.</Description><GUID>C20338A9-1C23-266A-3239-830B259AD8A5</GUID><MinReaderVersion>2007-07-17 09:00:00</MinReaderVersion><Name>Custom Text Field</Name><PackageID>1531</PackageID><Type>Custom Field Type</Type></Struct></ExportedObjects><PackageTimestamp>2009-08-04 15:59:40</PackageTimestamp><ServerLicenseID>507168</ServerLicenseID><ServerSchemaVersion>2007-09-06 08:00:00</ServerSchemaVersion><SiteDSN>commonspot-site-photogallery</SiteDSN><SiteDir>C:/data/web/cs501/cs_sites/photogallery</SiteDir><SiteID>9</SiteID><SiteSchemaVersion>2007-09-17 11:25:00</SiteSchemaVersion><UsersDSN>commonspot-users</UsersDSN><UsersSchemaVersion>2007-06-11 17:35:00</UsersSchemaVersion></CommonSpotPacket>
