﻿<CommonSpotPacket type="Struct"><CheckADF>C:/data/web/ADF/</CheckADF><CommonSpotDir>C:/data/web/cs60/commonspot</CommonSpotDir><CommonSpotVersion>Internal Build 6.0.0.669</CommonSpotVersion><Dependency class="array"></Dependency><ExportedObjects class="array"><Struct><CurrentDataVersion>2007-07-17 09:00:00</CurrentDataVersion><DateLastModified>2010-03-24 15:29:31</DateLastModified><Description>Photo Size custom element.</Description><GUID>B70A0E33-D14A-6C3F-E4BA-107BFA93B1C6</GUID><MinReaderVersion>2007-07-17 09:00:00</MinReaderVersion><Name>Photo Size</Name><PackageID>1573</PackageID><Type>Custom Element</Type></Struct><Struct><CurrentDataVersion>2007-07-17 09:00:00</CurrentDataVersion><DateLastModified>2010-02-28 12:12:42</DateLastModified><Description>Custom text field to specify a field ID and action property set to allow one edit, then the field is read only.</Description><GUID>1B442C0C-1C23-266A-32A4-0A873880C8A7</GUID><MinReaderVersion>2007-07-17 09:00:00</MinReaderVersion><Name>Custom Text Field</Name><PackageID>1423</PackageID><Type>Custom Field Type</Type></Struct></ExportedObjects><PackageTimestamp>2010-03-31 21:44:05</PackageTimestamp><ServerLicenseID>507168</ServerLicenseID><ServerSchemaVersion>2010-02-26 13:00:00</ServerSchemaVersion><SiteDSN>commonspot-site-live</SiteDSN><SiteDir>C:/data/web/cs60/cs_sites/live</SiteDir><SiteID>2</SiteID><SiteSchemaVersion>2010-03-25 16:00:00</SiteSchemaVersion><UsersDSN>commonspot-users</UsersDSN><UsersSchemaVersion>2010-02-26 13:00:00</UsersSchemaVersion></CommonSpotPacket>
