﻿<?xml version="1.0" encoding="UTF-8"?>
<CustomElement><MappedIDs><MappedID><Name>ElementTypeID</Name><Value>1340</Value><DateLastModified>2009-07-06 11:23:10</DateLastModified></MappedID><MappedID><Name>FieldID</Name><Value>1369</Value><ParentID>1340</ParentID><DateLastModified>2009-07-06 11:23:10</DateLastModified></MappedID><MappedID><Name>FieldID</Name><Value>1371</Value><ParentID>1340</ParentID><DateLastModified>2009-07-06 11:23:10</DateLastModified></MappedID><MappedID><Name>FieldID</Name><Value>1535</Value><ParentID>1340</ParentID><DateLastModified>2009-07-06 11:23:10</DateLastModified></MappedID><MappedID><Name>FieldID</Name><Value>1373</Value><ParentID>1340</ParentID><DateLastModified>2009-07-06 11:23:10</DateLastModified></MappedID><MappedID><Name>FieldID</Name><Value>1374</Value><ParentID>1340</ParentID><DateLastModified>2009-07-06 11:23:10</DateLastModified></MappedID><MappedID><Name>FieldID</Name><Value>1375</Value><ParentID>1340</ParentID><DateLastModified>2009-07-06 11:23:10</DateLastModified></MappedID><MappedID><Name>TabID</Name><Value>1341</Value><ParentID>1340</ParentID><DateLastModified>2009-05-28 11:20:10</DateLastModified></MappedID><MappedID><Name>CustomFieldTypeID</Name><Value>1531</Value><DateLastModified>2009-07-06 10:46:43</DateLastModified></MappedID></MappedIDs><CustomFieldTypes><CustomFieldType><ID>1531</ID><Name>Custom Text Field</Name><GUID>C20338A9-1C23-266A-3239-830B259AD8A5</GUID><Description>Custom text field to specify a field ID and action property set to allow one edit, then the field is read only.</Description><Module><PropertyModule>/ADF/extensions/customfields/custom_text_field/custom_text_field_props.cfm</PropertyModule><RenderModule>/ADF/extensions/customfields/custom_text_field/custom_text_field_render.cfm</RenderModule></Module></CustomFieldType></CustomFieldTypes><FieldDefinitions><FieldDefinition><ID>1369</ID><Name>sizeID</Name><ControlName>FIC_sizeID</ControlName><Description/><Type>hidden</Type><Properties><FieldDefaultValue>createuuid()</FieldDefaultValue><IsCustomFieldType>0</IsCustomFieldType><IsShared>0</IsShared><Position>1</Position><TabName>Photo Size</TabName><INPUTPARAMS type="Struct"><DLGTYPE>customelement</DLGTYPE><LABEL>sizeID</LABEL><PEDIT/><PREAD/><REQ>No</REQ><TABID>1341</TABID><USESECURITY>0</USESECURITY><USEUDEF>1</USEUDEF></INPUTPARAMS></Properties></FieldDefinition><FieldDefinition><ID>1371</ID><Name>Title</Name><ControlName>FIC_title</ControlName><Description/><Type>text</Type><Properties><IsCustomFieldType>0</IsCustomFieldType><IsShared>0</IsShared><Position>2</Position><TabName>Photo Size</TabName><INPUTPARAMS type="Struct"><ID>1371</ID><LABEL>Title</LABEL><MAXLENGTH>255</MAXLENGTH><MSG>Please enter a valid Title value</MSG><PEDIT/><PREAD/><READONLY>0</READONLY><REQ>Yes</REQ><SHARED>0</SHARED><SIZE>40</SIZE><USESECURITY>0</USESECURITY><USEUDEF>0</USEUDEF></INPUTPARAMS></Properties></FieldDefinition><FieldDefinition><ID>1535</ID><Name>Directory</Name><ControlName>FIC_directory</ControlName><Description/><Type>Custom Text Field</Type><Properties><IsCustomFieldType>1</IsCustomFieldType><IsShared>0</IsShared><Position>3</Position><TabName>Photo Size</TabName><INPUTPARAMS type="Struct"><CURRENTDEFAULT/><EDITONCE>1</EDITONCE><FLDNAME/><FLDSIZE>40</FLDSIZE><ID>1535</ID><LABEL>Directory</LABEL><PEDIT/><PREAD/><READONLY>0</READONLY><REQ>Yes</REQ><SHARED>0</SHARED><USESECURITY>0</USESECURITY><USEUDEF>0</USEUDEF></INPUTPARAMS></Properties></FieldDefinition><FieldDefinition><ID>1373</ID><Name>Width</Name><ControlName>FIC_width</ControlName><Description/><Type>text</Type><Properties><IsCustomFieldType>0</IsCustomFieldType><IsShared>0</IsShared><Position>4</Position><TabName>Photo Size</TabName><INPUTPARAMS type="Struct"><ID>1373</ID><LABEL>Width</LABEL><MAXLENGTH>255</MAXLENGTH><MSG>Please enter a valid Width value</MSG><PEDIT/><PREAD/><READONLY>0</READONLY><REQ>Yes</REQ><SHARED>0</SHARED><SIZE>10</SIZE><USESECURITY>0</USESECURITY><USEUDEF>0</USEUDEF></INPUTPARAMS></Properties></FieldDefinition><FieldDefinition><ID>1374</ID><Name>Height</Name><ControlName>FIC_height</ControlName><Description/><Type>text</Type><Properties><IsCustomFieldType>0</IsCustomFieldType><IsShared>0</IsShared><Position>5</Position><TabName>Photo Size</TabName><INPUTPARAMS type="Struct"><ID>1374</ID><LABEL>Height</LABEL><MAXLENGTH>255</MAXLENGTH><MSG>Please enter a valid Height value</MSG><PEDIT/><PREAD/><READONLY>0</READONLY><REQ>Yes</REQ><SHARED>0</SHARED><SIZE>10</SIZE><USESECURITY>0</USESECURITY><USEUDEF>0</USEUDEF></INPUTPARAMS></Properties></FieldDefinition><FieldDefinition><ID>1375</ID><Name>Type</Name><ControlName>FIC_type</ControlName><Description/><Type>select</Type><Properties><IsCustomFieldType>0</IsCustomFieldType><IsShared>0</IsShared><Position>6</Position><TabName>Photo Size</TabName><INPUTPARAMS type="Struct"><DISPCOL/><DLGTYPE>customelement</DLGTYPE><ELEMENTID/><FIELDID/><FILTER/><LABEL>Type</LABEL><MULT>no</MULT><PEDIT/><PREAD/><QUERY/><QUERYDSN>commonspot-site-photogallery</QUERYDSN><REQ>No</REQ><SELECTOPTION>1</SELECTOPTION><SIZE>1</SIZE><SORTCOL/><TABID>1341</TABID><UDEF/><USESECURITY>0</USESECURITY><USEUDEF>0</USEUDEF><VALCOL/><VALLIST>Landscape,Portrait</VALLIST><VALSOURCE>valList</VALSOURCE></INPUTPARAMS></Properties></FieldDefinition></FieldDefinitions><TabDefinitions><TabDefinition><ID>1341</ID><DisplayName>Photo Size</DisplayName><SortName>photo-size</SortName></TabDefinition></TabDefinitions><ObjectParams><Name>Photo Size</Name><GUID>F98524B3-1C23-266A-3263-5779AC4D1AC2</GUID><ExportedObjectType>Custom Element</ExportedObjectType><Description>Photo Size custom element.</Description><Category>Photo Gallery Elements</Category><GlobalElement>1</GlobalElement><IndexElement>0</IndexElement></ObjectParams></CustomElement>
