﻿<?xml version="1.0" encoding="UTF-8"?>
<CustomElement><MappedIDs><MappedID><Name>ElementTypeID</Name><Value>1526</Value><DateLastModified>2011-03-31 20:43:08</DateLastModified></MappedID><MappedID><Name>FieldID</Name><Value>1528</Value><ParentID>1526</ParentID><DateLastModified>2011-03-31 20:43:08</DateLastModified></MappedID><MappedID><Name>FieldID</Name><Value>1529</Value><ParentID>1526</ParentID><DateLastModified>2011-03-31 20:43:08</DateLastModified></MappedID><MappedID><Name>FieldID</Name><Value>1530</Value><ParentID>1526</ParentID><DateLastModified>2011-03-31 20:43:08</DateLastModified></MappedID><MappedID><Name>FieldID</Name><Value>1531</Value><ParentID>1526</ParentID><DateLastModified>2011-03-31 20:43:08</DateLastModified></MappedID><MappedID><Name>FieldID</Name><Value>1532</Value><ParentID>1526</ParentID><DateLastModified>2011-03-31 20:43:08</DateLastModified></MappedID><MappedID><Name>FieldID</Name><Value>1533</Value><ParentID>1526</ParentID><DateLastModified>2011-03-31 20:43:08</DateLastModified></MappedID><MappedID><Name>TabID</Name><Value>1527</Value><ParentID>1526</ParentID><DateLastModified>2011-03-29 16:57:38</DateLastModified></MappedID><MappedID><Name>CustomFieldTypeID</Name><Value>1514</Value><DateLastModified>2011-03-29 16:57:38</DateLastModified></MappedID><MappedID><Name>CustomFieldTypeID</Name><Value>1606</Value><DateLastModified>2011-03-31 19:54:01</DateLastModified></MappedID></MappedIDs><CustomFieldTypes><CustomFieldType><ID>1514</ID><Name>Custom Text Field</Name><GUID>0ED478AA-EE02-FC66-FA48-076A9C001A40</GUID><Description>Custom text field to specify a field ID and action property set to allow one edit, then the field is read only.</Description><Module><PropertyModule>/ADF/extensions/customfields/custom_text_field/custom_text_field_props.cfm</PropertyModule><RenderModule>/ADF/extensions/customfields/custom_text_field/custom_text_field_render.cfm</RenderModule></Module></CustomFieldType><CustomFieldType><ID>1606</ID><Name>Photo Reference Name</Name><GUID>0ED478BA-9FAF-AE25-9875-9936B7B07350</GUID><Description>Custom field to control the photo reference name (directory) and default based on the title entered.</Description><Module><PropertyModule>/ADF/apps/pt_photo_gallery/customfields/photo_directory_props.cfm</PropertyModule><RenderModule>/ADF/apps/pt_photo_gallery/customfields/photo_directory_render.cfm</RenderModule></Module></CustomFieldType></CustomFieldTypes><FieldDefinitions><FieldDefinition><ID>1528</ID><Name>sizeID</Name><ControlName>FIC_sizeID</ControlName><Description/><Type>hidden</Type><Properties><FieldDefaultValue>createuuid()</FieldDefaultValue><IsCustomFieldType>0</IsCustomFieldType><IsShared>0</IsShared><Position>1</Position><TabName>Photo Size</TabName><INPUTPARAMS type="Struct"><DLGTYPE>customelement</DLGTYPE><LABEL>sizeID</LABEL><PEDIT/><PREAD/><REQ>No</REQ><TABID>1527.0</TABID><USESECURITY>0</USESECURITY><USEUDEF>1</USEUDEF></INPUTPARAMS></Properties></FieldDefinition><FieldDefinition><ID>1529</ID><Name>Title</Name><ControlName>FIC_title</ControlName><Description/><Type>Custom Text Field</Type><Properties><IsCustomFieldType>1</IsCustomFieldType><IsShared>0</IsShared><Position>2</Position><TabName>Photo Size</TabName><INPUTPARAMS type="Struct"><CURRENTDEFAULT/><EDITONCE>0</EDITONCE><FLDCLASS/><FLDNAME>photoSizeTitle</FLDNAME><FLDSIZE>40</FLDSIZE><ID>1529</ID><LABEL>Title</LABEL><PEDIT/><PREAD/><READONLY>0</READONLY><REQ>Yes</REQ><SHARED>0</SHARED><USESECURITY>0</USESECURITY><USEUDEF>0</USEUDEF></INPUTPARAMS></Properties></FieldDefinition><FieldDefinition><ID>1530</ID><Name>Reference Name</Name><ControlName>FIC_directory</ControlName><Description>This is the reference name value to return the specific photo size. This field is read only once the record has been created and can not be edited.&lt;br /&gt;Defaulted to the title, but can be customized.&amp;nbsp; The title can be unique and the reference name can be a simple value (i.e. small, medium, large, etc).&amp;nbsp; </Description><Type>Photo Reference Name</Type><Properties><IsCustomFieldType>1</IsCustomFieldType><IsShared>0</IsShared><Position>3</Position><TabName>Photo Size</TabName><INPUTPARAMS type="Struct"><FLDCLASS/><FLDID>photoSizeDirectory</FLDID><FLDSIZE>40</FLDSIZE><ID>1530</ID><LABEL>Reference Name</LABEL><PEDIT/><PREAD/><READONLY>0</READONLY><REQ>Yes</REQ><SHARED>0</SHARED><TITLEFLDID>photoSizeTitle</TITLEFLDID><USESECURITY>0</USESECURITY></INPUTPARAMS></Properties></FieldDefinition><FieldDefinition><ID>1531</ID><Name>Width</Name><ControlName>FIC_width</ControlName><Description/><Type>text</Type><Properties><IsCustomFieldType>0</IsCustomFieldType><IsShared>0</IsShared><Position>4</Position><TabName>Photo Size</TabName><INPUTPARAMS type="Struct"><ID>1531.0</ID><LABEL>Width</LABEL><MAXLENGTH>255</MAXLENGTH><MSG>Please enter a valid Width value</MSG><PEDIT/><PREAD/><READONLY>0</READONLY><REQ>Yes</REQ><SHARED>0</SHARED><SIZE>10</SIZE><TABID>1527.0</TABID><USESECURITY>0</USESECURITY><USEUDEF>0</USEUDEF></INPUTPARAMS></Properties></FieldDefinition><FieldDefinition><ID>1532</ID><Name>Height</Name><ControlName>FIC_height</ControlName><Description/><Type>text</Type><Properties><IsCustomFieldType>0</IsCustomFieldType><IsShared>0</IsShared><Position>5</Position><TabName>Photo Size</TabName><INPUTPARAMS type="Struct"><ID>1532.0</ID><LABEL>Height</LABEL><MAXLENGTH>255</MAXLENGTH><MSG>Please enter a valid Height value</MSG><PEDIT/><PREAD/><READONLY>0</READONLY><REQ>Yes</REQ><SHARED>0</SHARED><SIZE>10</SIZE><TABID>1527.0</TABID><USESECURITY>0</USESECURITY><USEUDEF>0</USEUDEF></INPUTPARAMS></Properties></FieldDefinition><FieldDefinition><ID>1533</ID><Name>Type</Name><ControlName>FIC_type</ControlName><Description/><Type>select</Type><Properties><IsCustomFieldType>0</IsCustomFieldType><IsShared>0</IsShared><Position>6</Position><TabName>Photo Size</TabName><INPUTPARAMS type="Struct"><DISPCOL/><DLGTYPE>customelement</DLGTYPE><ELEMENTID/><FIELDID/><FILTER/><LABEL>Type</LABEL><MULT>no</MULT><PEDIT/><PREAD/><QUERY/><QUERYDSN>commonspot-site-photogallery</QUERYDSN><REQ>No</REQ><SELECTOPTION>1</SELECTOPTION><SIZE>1</SIZE><SORTCOL/><TABID>1527.0</TABID><UDEF/><USESECURITY>0</USESECURITY><USEUDEF>0</USEUDEF><VALCOL/><VALLIST>Landscape,Portrait</VALLIST><VALSOURCE>valList</VALSOURCE></INPUTPARAMS></Properties></FieldDefinition></FieldDefinitions><TabDefinitions><TabDefinition><ID>1527</ID><DisplayName>Photo Size</DisplayName><SortName>photo-size</SortName></TabDefinition></TabDefinitions><ObjectParams><Name>Photo Size</Name><GUID>0ED4786B-FE18-C46B-C579-1380EB216D25</GUID><ExportedObjectType>Custom Element</ExportedObjectType><Description>Photo Size custom element.</Description><Category>PT Photo Gallery Elements</Category><GlobalElement>1</GlobalElement><IndexElement>0</IndexElement></ObjectParams></CustomElement>
