﻿<?xml version="1.0" encoding="UTF-8"?>
<CustomElement><MappedIDs><MappedID><Name>ElementTypeID</Name><Value>1573</Value><DateLastModified>2010-03-24 15:29:31</DateLastModified></MappedID><MappedID><Name>FieldID</Name><Value>1575</Value><ParentID>1573</ParentID><DateLastModified>2010-03-24 15:29:31</DateLastModified></MappedID><MappedID><Name>FieldID</Name><Value>1577</Value><ParentID>1573</ParentID><DateLastModified>2010-03-24 15:29:31</DateLastModified></MappedID><MappedID><Name>FieldID</Name><Value>1578</Value><ParentID>1573</ParentID><DateLastModified>2010-03-24 15:29:31</DateLastModified></MappedID><MappedID><Name>FieldID</Name><Value>1579</Value><ParentID>1573</ParentID><DateLastModified>2010-03-24 15:29:31</DateLastModified></MappedID><MappedID><Name>FieldID</Name><Value>1580</Value><ParentID>1573</ParentID><DateLastModified>2010-03-24 15:29:31</DateLastModified></MappedID><MappedID><Name>FieldID</Name><Value>1581</Value><ParentID>1573</ParentID><DateLastModified>2010-03-24 15:29:31</DateLastModified></MappedID><MappedID><Name>TabID</Name><Value>1574</Value><ParentID>1573</ParentID><DateLastModified>2010-03-24 15:18:12</DateLastModified></MappedID><MappedID><Name>CustomFieldTypeID</Name><Value>1423</Value><DateLastModified>2010-02-28 12:12:42</DateLastModified></MappedID></MappedIDs><CustomFieldTypes><CustomFieldType><ID>1423</ID><Name>Custom Text Field</Name><GUID>1B442C0C-1C23-266A-32A4-0A873880C8A7</GUID><Description>Custom text field to specify a field ID and action property set to allow one edit, then the field is read only.</Description><CSDataType>text</CSDataType><Module><PropertyModule>/ADF/extensions/customfields/custom_text_field/custom_text_field_props.cfm</PropertyModule><RenderModule>/ADF/extensions/customfields/custom_text_field/custom_text_field_render.cfm</RenderModule></Module></CustomFieldType></CustomFieldTypes><FieldDefinitions><FieldDefinition><ID>1575</ID><Name>sizeID</Name><ControlName>FIC_sizeID</ControlName><Description/><Type>hidden</Type><Properties><FieldDefaultValue>createuuid()</FieldDefaultValue><IsCustomFieldType>0</IsCustomFieldType><IsShared>0</IsShared><Position>1</Position><TabName>Photo Size</TabName><INPUTPARAMS type="Struct"><DLGTYPE>customelement</DLGTYPE><LABEL>sizeID</LABEL><PEDIT/><PREAD/><REQ>No</REQ><TABID>1574.0</TABID><USESECURITY>0</USESECURITY><USEUDEF>1</USEUDEF></INPUTPARAMS></Properties></FieldDefinition><FieldDefinition><ID>1577</ID><Name>Title</Name><ControlName>FIC_title</ControlName><Description/><Type>text</Type><Properties><IsCustomFieldType>0</IsCustomFieldType><IsShared>0</IsShared><Position>2</Position><TabName>Photo Size</TabName><INPUTPARAMS type="Struct"><ID>1577.0</ID><LABEL>Title</LABEL><MAXLENGTH>255</MAXLENGTH><MSG>Please enter a valid Title value</MSG><PEDIT/><PREAD/><READONLY>0</READONLY><REQ>Yes</REQ><SHARED>0</SHARED><SIZE>40</SIZE><TABID>1574.0</TABID><USESECURITY>0</USESECURITY><USEUDEF>0</USEUDEF></INPUTPARAMS></Properties></FieldDefinition><FieldDefinition><ID>1578</ID><Name>Directory</Name><ControlName>FIC_directory</ControlName><Description/><Type>Custom Text Field</Type><Properties><IsCustomFieldType>1</IsCustomFieldType><IsShared>0</IsShared><Position>3</Position><TabName>Photo Size</TabName><INPUTPARAMS type="Struct"><BEANNAME/><CURRENTDEFAULT/><EDITONCE>1</EDITONCE><FLDNAME/><FLDSIZE>40</FLDSIZE><ID>1578</ID><LABEL>Directory</LABEL><METHODNAME/><PEDIT/><PREAD/><READONLY>0</READONLY><REQ>Yes</REQ><SHARED>0</SHARED><USESECURITY>0</USESECURITY><USEUDEF>0</USEUDEF></INPUTPARAMS></Properties></FieldDefinition><FieldDefinition><ID>1579</ID><Name>Width</Name><ControlName>FIC_width</ControlName><Description/><Type>text</Type><Properties><IsCustomFieldType>0</IsCustomFieldType><IsShared>0</IsShared><Position>4</Position><TabName>Photo Size</TabName><INPUTPARAMS type="Struct"><ID>1579.0</ID><LABEL>Width</LABEL><MAXLENGTH>255</MAXLENGTH><MSG>Please enter a valid Width value</MSG><PEDIT/><PREAD/><READONLY>0</READONLY><REQ>Yes</REQ><SHARED>0</SHARED><SIZE>10</SIZE><TABID>1574.0</TABID><USESECURITY>0</USESECURITY><USEUDEF>0</USEUDEF></INPUTPARAMS></Properties></FieldDefinition><FieldDefinition><ID>1580</ID><Name>Height</Name><ControlName>FIC_height</ControlName><Description/><Type>text</Type><Properties><IsCustomFieldType>0</IsCustomFieldType><IsShared>0</IsShared><Position>5</Position><TabName>Photo Size</TabName><INPUTPARAMS type="Struct"><ID>1580.0</ID><LABEL>Height</LABEL><MAXLENGTH>255</MAXLENGTH><MSG>Please enter a valid Height value</MSG><PEDIT/><PREAD/><READONLY>0</READONLY><REQ>Yes</REQ><SHARED>0</SHARED><SIZE>10</SIZE><TABID>1574.0</TABID><USESECURITY>0</USESECURITY><USEUDEF>0</USEUDEF></INPUTPARAMS></Properties></FieldDefinition><FieldDefinition><ID>1581</ID><Name>Type</Name><ControlName>FIC_type</ControlName><Description/><Type>select</Type><Properties><IsCustomFieldType>0</IsCustomFieldType><IsShared>0</IsShared><Position>6</Position><TabName>Photo Size</TabName><INPUTPARAMS type="Struct"><DISPCOL/><DLGTYPE>customelement</DLGTYPE><ELEMENTID/><FIELDID/><FILTER/><LABEL>Type</LABEL><MULT>no</MULT><PEDIT/><PREAD/><QUERY/><QUERYDSN>commonspot-site-photogallery</QUERYDSN><REQ>No</REQ><SELECTOPTION>1</SELECTOPTION><SIZE>1</SIZE><SORTCOL/><TABID>1574.0</TABID><UDEF/><USESECURITY>0</USESECURITY><USEUDEF>0</USEUDEF><VALCOL/><VALLIST>Landscape,Portrait</VALLIST><VALSOURCE>valList</VALSOURCE></INPUTPARAMS></Properties></FieldDefinition></FieldDefinitions><TabDefinitions><TabDefinition><ID>1574</ID><DisplayName>Photo Size</DisplayName><SortName>photo-size</SortName></TabDefinition></TabDefinitions><ObjectParams><Name>Photo Size</Name><GUID>B70A0E33-D14A-6C3F-E4BA-107BFA93B1C6</GUID><ExportedObjectType>Custom Element</ExportedObjectType><Description>Photo Size custom element.</Description><Category>Photo Gallery Elements</Category><GlobalElement>1</GlobalElement><IndexElement>0</IndexElement></ObjectParams></CustomElement>
