﻿<CommonSpotPacket type="Struct"><CheckADF>C:/Servers/Web/ADF/</CheckADF><CommonSpotDir>C:/Servers/Web/cspot/commonspot</CommonSpotDir><CommonSpotVersion>Build 5.1.1.160</CommonSpotVersion><Dependency class="array"></Dependency><ExportedObjects class="array"><Struct><CurrentDataVersion>2007-07-17 09:00:00</CurrentDataVersion><DateLastModified>2011-03-31 20:43:08</DateLastModified><Description>Photo Size custom element.</Description><GUID>0ED4786B-FE18-C46B-C579-1380EB216D25</GUID><MinReaderVersion>2007-07-17 09:00:00</MinReaderVersion><Name>Photo Size</Name><PackageID>1526</PackageID><Type>Custom Element</Type></Struct><Struct><CurrentDataVersion>2007-07-17 09:00:00</CurrentDataVersion><DateLastModified>2011-03-29 16:57:38</DateLastModified><Description>Custom text field to specify a field ID and action property set to allow one edit, then the field is read only.</Description><GUID>0ED478AA-EE02-FC66-FA48-076A9C001A40</GUID><MinReaderVersion>2007-07-17 09:00:00</MinReaderVersion><Name>Custom Text Field</Name><PackageID>1514</PackageID><Type>Custom Field Type</Type></Struct><Struct><CurrentDataVersion>2007-07-17 09:00:00</CurrentDataVersion><DateLastModified>2011-03-31 19:54:01</DateLastModified><Description>Custom field to control the photo reference name (directory) and default based on the title entered.</Description><GUID>0ED478BA-9FAF-AE25-9875-9936B7B07350</GUID><MinReaderVersion>2007-07-17 09:00:00</MinReaderVersion><Name>Photo Reference Name</Name><PackageID>1606</PackageID><Type>Custom Field Type</Type></Struct></ExportedObjects><PackageTimestamp>2011-03-31 22:11:38</PackageTimestamp><ServerLicenseID>507168</ServerLicenseID><ServerSchemaVersion>2008-09-25 11:20:00</ServerSchemaVersion><SiteDSN>commonspot-site-live</SiteDSN><SiteDir>C:/Servers/Web/cspot/cs_sites/live</SiteDir><SiteID>1</SiteID><SiteSchemaVersion>2009-01-31 08:45:00</SiteSchemaVersion><UsersDSN>commonspot-users</UsersDSN><UsersSchemaVersion>2008-11-24 18:00:00</UsersSchemaVersion></CommonSpotPacket>
