<?xml version="1.0" encoding="UTF-8"?>
<FileList><File><Zippath>/data/web/ADF/extensions/customfields/custom_text_field/custom_text_field_props.cfm</Zippath><Fullname>C:/data/web/ADF/extensions/customfields/custom_text_field/custom_text_field_props.cfm</Fullname><Status>Success</Status><LastModifiedTimeStamp>1248380251752</LastModifiedTimeStamp><Filepath>C:/data/web/ADF/extensions/customfields/custom_text_field</Filepath><LastModifiedOn>July 23, 2009 4:17:31 PM EDT</LastModifiedOn><MD5>a2cba33c89febc9d5bc037195a200f82</MD5><Filename>custom_text_field_props.cfm</Filename></File><File><Zippath>/data/web/ADF/extensions/customfields/custom_text_field/custom_text_field_render.cfm</Zippath><Fullname>C:/data/web/ADF/extensions/customfields/custom_text_field/custom_text_field_render.cfm</Fullname><Status>Success</Status><LastModifiedTimeStamp>1248380251736</LastModifiedTimeStamp><Filepath>C:/data/web/ADF/extensions/customfields/custom_text_field</Filepath><LastModifiedOn>July 23, 2009 4:17:31 PM EDT</LastModifiedOn><MD5>49a7374c48e51fbf3cfc732ecd2bb735</MD5><Filename>custom_text_field_render.cfm</Filename></File></FileList>