﻿<FileList class="array"><Struct><Filename>custom_text_field_props.cfm</Filename><Filepath>C:/data/web/ADF/extensions/customfields/custom_text_field</Filepath><Fullname>C:/data/web/ADF/extensions/customfields/custom_text_field/custom_text_field_props.cfm</Fullname><LastModifiedOn>July 13, 2010 8:18:20 AM EDT</LastModifiedOn><LastModifiedTimeStamp>1279023500674</LastModifiedTimeStamp><MD5>c3a153aaa22c6b77c7469e5c35d77cfe</MD5><Status>Success</Status><Zippath>/data/web/ADF/extensions/customfields/custom_text_field/custom_text_field_props.cfm</Zippath></Struct><Struct><Filename>custom_text_field_render.cfm</Filename><Filepath>C:/data/web/ADF/extensions/customfields/custom_text_field</Filepath><Fullname>C:/data/web/ADF/extensions/customfields/custom_text_field/custom_text_field_render.cfm</Fullname><LastModifiedOn>September 3, 2010 4:13:27 PM EDT</LastModifiedOn><LastModifiedTimeStamp>1283544807239</LastModifiedTimeStamp><MD5>d0eb87c503b3fa68464034cd28dc749b</MD5><Status>Success</Status><Zippath>/data/web/ADF/extensions/customfields/custom_text_field/custom_text_field_render.cfm</Zippath></Struct></FileList>
