﻿<CommonSpotPacket type="Struct"><CommonSpotDir>C:/data/web/cs51/commonspot</CommonSpotDir><CommonSpotVersion>Build 5.1.0.128</CommonSpotVersion><Dependency class="array"></Dependency><ExportedObjects class="array"><Struct><CurrentDataVersion>2007-07-17 09:00:00</CurrentDataVersion><DateLastModified>2009-08-06 12:21:17</DateLastModified><Description>ADF PT Photo Gallery Application Configuration Custom Element</Description><GUID>C343EC66-1C23-266A-3240-59EAA0B1FFBC</GUID><MinReaderVersion>2007-07-17 09:00:00</MinReaderVersion><Name>PTPhotoGallery Configuration</Name><PackageID>1408</PackageID><Type>Custom Element</Type></Struct></ExportedObjects><PackageTimestamp>2009-09-16 10:31:35</PackageTimestamp><ServerLicenseID>507168</ServerLicenseID><ServerSchemaVersion>2008-09-25 11:20:00</ServerSchemaVersion><SiteDSN>commonspot-site-photogallery</SiteDSN><SiteDir>C:/data/web/cs51/cs_sites/photogallery</SiteDir><SiteID>3</SiteID><SiteSchemaVersion>2009-01-31 08:45:00</SiteSchemaVersion><UsersDSN>commonspot-users</UsersDSN><UsersSchemaVersion>2008-11-24 18:00:00</UsersSchemaVersion></CommonSpotPacket>
