﻿<?xml version="1.0" encoding="UTF-8"?>
<CustomElement><MappedIDs><MappedID><Name>ElementTypeID</Name><Value>1408</Value><DateLastModified>2009-08-06 12:21:17</DateLastModified></MappedID><MappedID><Name>FieldID</Name><Value>1410</Value><ParentID>1408</ParentID><DateLastModified>2009-08-06 12:21:17</DateLastModified></MappedID><MappedID><Name>FieldID</Name><Value>1412</Value><ParentID>1408</ParentID><DateLastModified>2009-08-06 12:21:17</DateLastModified></MappedID><MappedID><Name>FieldID</Name><Value>1414</Value><ParentID>1408</ParentID><DateLastModified>2009-08-06 12:21:17</DateLastModified></MappedID><MappedID><Name>FieldID</Name><Value>1416</Value><ParentID>1408</ParentID><DateLastModified>2009-08-06 12:21:17</DateLastModified></MappedID><MappedID><Name>FieldID</Name><Value>1419</Value><ParentID>1408</ParentID><DateLastModified>2009-08-06 12:21:17</DateLastModified></MappedID><MappedID><Name>FieldID</Name><Value>1421</Value><ParentID>1408</ParentID><DateLastModified>2009-08-06 12:21:17</DateLastModified></MappedID><MappedID><Name>FieldID</Name><Value>1423</Value><ParentID>1408</ParentID><DateLastModified>2009-08-06 12:21:17</DateLastModified></MappedID><MappedID><Name>TabID</Name><Value>1409</Value><ParentID>1408</ParentID><DateLastModified>2009-08-06 11:18:47</DateLastModified></MappedID></MappedIDs><FieldDefinitions><FieldDefinition><ID>1410</ID><Name>CE NAME</Name><ControlName>FIC_CE_NAME</ControlName><Description/><Type>text</Type><Properties><FieldDefaultValue>Photo</FieldDefaultValue><IsCustomFieldType>0</IsCustomFieldType><IsShared>0</IsShared><Position>1</Position><TabName>PtPhotoGallery Configuration</TabName><INPUTPARAMS type="Struct"><DLGTYPE>customelement</DLGTYPE><LABEL>CE NAME</LABEL><MAXLENGTH>255</MAXLENGTH><MSG>Please enter a valid CE NAME value</MSG><PEDIT/><PREAD/><REQ>No</REQ><SIZE>40</SIZE><TABID>1409</TABID><USESECURITY>0</USESECURITY><USEUDEF>0</USEUDEF></INPUTPARAMS></Properties></FieldDefinition><FieldDefinition><ID>1412</ID><Name>CE FORM ID</Name><ControlName>FIC_CE_FORM_ID</ControlName><Description/><Type>text</Type><Properties><FieldDefaultValue>application.ptPhotoGallery.cedata.getFormIDByCEName(&amp;#39;Photo&amp;#39;)</FieldDefaultValue><IsCustomFieldType>0</IsCustomFieldType><IsShared>0</IsShared><Position>2</Position><TabName>PtPhotoGallery Configuration</TabName><INPUTPARAMS type="Struct"><ID>1412</ID><LABEL>CE FORM ID</LABEL><MAXLENGTH>255</MAXLENGTH><MSG>Please enter a valid CE FORM ID value</MSG><PEDIT/><PREAD/><READONLY>0</READONLY><REQ>No</REQ><SHARED>0</SHARED><SIZE>40</SIZE><USESECURITY>0</USESECURITY><USEUDEF>1</USEUDEF></INPUTPARAMS></Properties></FieldDefinition><FieldDefinition><ID>1414</ID><Name>ADD URL</Name><ControlName>FIC_ADD_URL</ControlName><Description/><Type>text</Type><Properties><FieldDefaultValue>photogalleryadmin/lightbox/Photo-Add.cfm</FieldDefaultValue><IsCustomFieldType>0</IsCustomFieldType><IsShared>0</IsShared><Position>3</Position><TabName>PtPhotoGallery Configuration</TabName><INPUTPARAMS type="Struct"><ID>1414</ID><LABEL>ADD URL</LABEL><MAXLENGTH>255</MAXLENGTH><MSG>Please enter a valid ADD URL value</MSG><PEDIT/><PREAD/><READONLY>0</READONLY><REQ>No</REQ><SHARED>0</SHARED><SIZE>40</SIZE><USESECURITY>0</USESECURITY><USEUDEF>0</USEUDEF></INPUTPARAMS></Properties></FieldDefinition><FieldDefinition><ID>1416</ID><Name>UPLOAD FORM URL</Name><ControlName>FIC_UPLOAD_FORM_URL</ControlName><Description/><Type>text</Type><Properties><FieldDefaultValue>photogalleryadmin/lightbox/Photo-Upload.cfm</FieldDefaultValue><IsCustomFieldType>0</IsCustomFieldType><IsShared>0</IsShared><Position>4</Position><TabName>PtPhotoGallery Configuration</TabName><INPUTPARAMS type="Struct"><ID>1416</ID><LABEL>UPLOAD FORM URL</LABEL><MAXLENGTH>255</MAXLENGTH><MSG>Please enter a valid UPLOAD FORM URL value</MSG><PEDIT/><PREAD/><READONLY>0</READONLY><REQ>No</REQ><SHARED>0</SHARED><SIZE>40</SIZE><USESECURITY>0</USESECURITY><USEUDEF>0</USEUDEF></INPUTPARAMS></Properties></FieldDefinition><FieldDefinition><ID>1419</ID><Name>UPLOAD PATH</Name><ControlName>FIC_UPLOAD_PATH</ControlName><Description/><Type>text</Type><Properties><FieldDefaultValue>C:/data/web/cs51/cs_sites/photogallery/_cs_apps/pt_photo_gallery/uploads/</FieldDefaultValue><IsCustomFieldType>0</IsCustomFieldType><IsShared>0</IsShared><Position>5</Position><TabName>PtPhotoGallery Configuration</TabName><INPUTPARAMS type="Struct"><ID>1419</ID><LABEL>UPLOAD PATH</LABEL><MAXLENGTH>255</MAXLENGTH><MSG>Please enter a valid UPLOAD PATH value</MSG><PEDIT/><PREAD/><READONLY>0</READONLY><REQ>No</REQ><SHARED>0</SHARED><SIZE>40</SIZE><USESECURITY>0</USESECURITY><USEUDEF>0</USEUDEF></INPUTPARAMS></Properties></FieldDefinition><FieldDefinition><ID>1421</ID><Name>UPLOAD URL</Name><ControlName>FIC_UPLOAD_URL</ControlName><Description/><Type>text</Type><Properties><FieldDefaultValue>/photogallery/_cs_apps/pt_photo_gallery/uploads/</FieldDefaultValue><IsCustomFieldType>0</IsCustomFieldType><IsShared>0</IsShared><Position>6</Position><TabName>PtPhotoGallery Configuration</TabName><INPUTPARAMS type="Struct"><DLGTYPE>customelement</DLGTYPE><LABEL>UPLOAD URL</LABEL><MAXLENGTH>255</MAXLENGTH><MSG>Please enter a valid UPLOAD URL value</MSG><PEDIT/><PREAD/><REQ>No</REQ><SIZE>40</SIZE><TABID>1409</TABID><USESECURITY>0</USESECURITY><USEUDEF>0</USEUDEF></INPUTPARAMS></Properties></FieldDefinition><FieldDefinition><ID>1423</ID><Name>UPLOAD DOC TYPES</Name><ControlName>FIC_UPLOAD_DOC_TYPES</ControlName><Description/><Type>text</Type><Properties><FieldDefaultValue>jpg,gif,bmp,png</FieldDefaultValue><IsCustomFieldType>0</IsCustomFieldType><IsShared>0</IsShared><Position>7</Position><TabName>PtPhotoGallery Configuration</TabName><INPUTPARAMS type="Struct"><DLGTYPE>customelement</DLGTYPE><LABEL>UPLOAD DOC TYPES</LABEL><MAXLENGTH>255</MAXLENGTH><MSG>Please enter a valid UPLOAD DOC TYPES value</MSG><PEDIT/><PREAD/><REQ>No</REQ><SIZE>40</SIZE><TABID>1409</TABID><USESECURITY>0</USESECURITY><USEUDEF>0</USEUDEF></INPUTPARAMS></Properties></FieldDefinition></FieldDefinitions><TabDefinitions><TabDefinition><ID>1409</ID><DisplayName>PtPhotoGallery Configuration</DisplayName><SortName>ptphotogallery-configuration</SortName></TabDefinition></TabDefinitions><ObjectParams><Name>PTPhotoGallery Configuration</Name><GUID>C343EC66-1C23-266A-3240-59EAA0B1FFBC</GUID><ExportedObjectType>Custom Element</ExportedObjectType><Description>ADF PT Photo Gallery Application Configuration Custom Element</Description><Category>Photo Gallery Elements</Category><GlobalElement>1</GlobalElement><IndexElement>0</IndexElement></ObjectParams></CustomElement>
