﻿<?xml version="1.0" encoding="UTF-8"?>
<CustomElement><MappedIDs><MappedID><Name>ElementTypeID</Name><Value>1336</Value><DateLastModified>2009-07-06 11:09:04</DateLastModified></MappedID><MappedID><Name>FieldID</Name><Value>1363</Value><ParentID>1336</ParentID><DateLastModified>2009-07-06 11:09:04</DateLastModified></MappedID><MappedID><Name>FieldID</Name><Value>1365</Value><ParentID>1336</ParentID><DateLastModified>2009-07-06 11:09:04</DateLastModified></MappedID><MappedID><Name>FieldID</Name><Value>1534</Value><ParentID>1336</ParentID><DateLastModified>2009-07-06 11:09:04</DateLastModified></MappedID><MappedID><Name>FieldID</Name><Value>1367</Value><ParentID>1336</ParentID><DateLastModified>2009-07-06 11:09:04</DateLastModified></MappedID><MappedID><Name>FieldID</Name><Value>1368</Value><ParentID>1336</ParentID><DateLastModified>2009-07-06 11:09:04</DateLastModified></MappedID><MappedID><Name>TabID</Name><Value>1337</Value><ParentID>1336</ParentID><DateLastModified>2009-05-28 11:19:31</DateLastModified></MappedID><MappedID><Name>CustomFieldTypeID</Name><Value>1531</Value><DateLastModified>2009-07-06 10:46:43</DateLastModified></MappedID><MappedID><Name>CustomFieldTypeID</Name><Value>1382</Value><DateLastModified>2009-05-29 15:38:48</DateLastModified></MappedID></MappedIDs><CustomFieldTypes><CustomFieldType><ID>1531</ID><Name>Custom Text Field</Name><GUID>C20338A9-1C23-266A-3239-830B259AD8A5</GUID><Description>Custom text field to specify a field ID and action property set to allow one edit, then the field is read only.</Description><Module><PropertyModule>/ADF/extensions/customfields/custom_text_field/custom_text_field_props.cfm</PropertyModule><RenderModule>/ADF/extensions/customfields/custom_text_field/custom_text_field_render.cfm</RenderModule></Module></CustomFieldType><CustomFieldType><ID>1382</ID><Name>General Chooser</Name><GUID>F984BF49-1C23-266A-324E-0C9ECD9E0774</GUID><Description>General Chooser field type for selecting data records from a custom element.</Description><Module><PropertyModule>/ADF/extensions/customfields/general_chooser/general_chooser_props.cfm</PropertyModule><RenderModule>/ADF/extensions/customfields/general_chooser/general_chooser_render.cfm</RenderModule></Module></CustomFieldType></CustomFieldTypes><FieldDefinitions><FieldDefinition><ID>1363</ID><Name>categoryID</Name><ControlName>FIC_categoryID</ControlName><Description/><Type>hidden</Type><Properties><FieldDefaultValue>createuuid()</FieldDefaultValue><IsCustomFieldType>0</IsCustomFieldType><IsShared>0</IsShared><Position>1</Position><TabName>Photo Category</TabName><INPUTPARAMS type="Struct"><DLGTYPE>customelement</DLGTYPE><LABEL>categoryID</LABEL><PEDIT/><PREAD/><REQ>No</REQ><TABID>1337</TABID><USESECURITY>0</USESECURITY><USEUDEF>1</USEUDEF></INPUTPARAMS></Properties></FieldDefinition><FieldDefinition><ID>1365</ID><Name>Title</Name><ControlName>FIC_title</ControlName><Description/><Type>text</Type><Properties><IsCustomFieldType>0</IsCustomFieldType><IsShared>0</IsShared><Position>2</Position><TabName>Photo Category</TabName><INPUTPARAMS type="Struct"><ID>1365</ID><LABEL>Title</LABEL><MAXLENGTH>255</MAXLENGTH><MSG>Please enter a valid Title value</MSG><PEDIT/><PREAD/><READONLY>0</READONLY><REQ>Yes</REQ><SHARED>0</SHARED><SIZE>40</SIZE><USESECURITY>0</USESECURITY><USEUDEF>0</USEUDEF></INPUTPARAMS></Properties></FieldDefinition><FieldDefinition><ID>1534</ID><Name>Directory</Name><ControlName>FIC_directory</ControlName><Description/><Type>Custom Text Field</Type><Properties><IsCustomFieldType>1</IsCustomFieldType><IsShared>0</IsShared><Position>3</Position><TabName>Photo Category</TabName><INPUTPARAMS type="Struct"><CURRENTDEFAULT/><EDITONCE>1</EDITONCE><FLDNAME/><FLDSIZE>40</FLDSIZE><ID>1534</ID><LABEL>Directory</LABEL><PEDIT/><PREAD/><READONLY>0</READONLY><REQ>Yes</REQ><SHARED>0</SHARED><USESECURITY>0</USESECURITY><USEUDEF>0</USEUDEF></INPUTPARAMS></Properties></FieldDefinition><FieldDefinition><ID>1367</ID><Name>Required Size ID List</Name><ControlName>FIC_reqSizeIDList</ControlName><Description/><Type>General Chooser</Type><Properties><IsCustomFieldType>1</IsCustomFieldType><IsShared>0</IsShared><Position>4</Position><TabName>Photo Category</TabName><INPUTPARAMS type="Struct"><CHOOSERCFCNAME>photoSizeGC</CHOOSERCFCNAME><ID>1367</ID><LABEL>Required Size ID List</LABEL><PEDIT/><PREAD/><READONLY>0</READONLY><REQ>No</REQ><SHARED>0</SHARED><USESECURITY>0</USESECURITY></INPUTPARAMS></Properties></FieldDefinition><FieldDefinition><ID>1368</ID><Name>Resize Size ID List</Name><ControlName>FIC_resizeSizeIDList</ControlName><Description/><Type>General Chooser</Type><Properties><IsCustomFieldType>1</IsCustomFieldType><IsShared>0</IsShared><Position>5</Position><TabName>Photo Category</TabName><INPUTPARAMS type="Struct"><CHOOSERCFCNAME>photoSizeGC</CHOOSERCFCNAME><ID>1368</ID><LABEL>Resize Size ID List</LABEL><PEDIT/><PREAD/><READONLY>0</READONLY><REQ>No</REQ><SHARED>0</SHARED><USESECURITY>0</USESECURITY></INPUTPARAMS></Properties></FieldDefinition></FieldDefinitions><TabDefinitions><TabDefinition><ID>1337</ID><DisplayName>Photo Category</DisplayName><SortName>photo-category</SortName></TabDefinition></TabDefinitions><ObjectParams><Name>Photo Category</Name><GUID>F984BF0A-1C23-266A-32E9-BCDA7CFE8200</GUID><ExportedObjectType>Custom Element</ExportedObjectType><Description>Photo Category custom element.</Description><Category>Photo Gallery Elements</Category><GlobalElement>1</GlobalElement><IndexElement>0</IndexElement></ObjectParams></CustomElement>
