﻿<CommonSpotPacket type="Struct"><CheckADF>C:/data/web/ADF/</CheckADF><CommonSpotDir>C:/data/web/cs60/commonspot</CommonSpotDir><CommonSpotVersion>Internal Build 6.0.0.669</CommonSpotVersion><Dependency class="array"></Dependency><ExportedObjects class="array"><Struct><CurrentDataVersion>2007-07-17 09:00:00</CurrentDataVersion><DateLastModified>2010-03-24 15:28:43</DateLastModified><Description>Photo Category custom element.</Description><GUID>B7090AAE-ED2A-A2BE-9D42-9D6736DA7FB1</GUID><MinReaderVersion>2007-07-17 09:00:00</MinReaderVersion><Name>Photo Category</Name><PackageID>1558</PackageID><Type>Custom Element</Type></Struct><Struct><CurrentDataVersion>2007-07-17 09:00:00</CurrentDataVersion><DateLastModified>2010-02-28 12:12:42</DateLastModified><Description>Custom text field to specify a field ID and action property set to allow one edit, then the field is read only.</Description><GUID>1B442C0C-1C23-266A-32A4-0A873880C8A7</GUID><MinReaderVersion>2007-07-17 09:00:00</MinReaderVersion><Name>Custom Text Field</Name><PackageID>1423</PackageID><Type>Custom Field Type</Type></Struct><Struct><CurrentDataVersion>2007-07-17 09:00:00</CurrentDataVersion><DateLastModified>2010-02-28 12:09:13</DateLastModified><Description>General Chooser field type for selecting data records from a custom element.</Description><GUID>AA93F085-1C23-266A-324C-7960838ED3B2</GUID><MinReaderVersion>2007-07-17 09:00:00</MinReaderVersion><Name>General Chooser</Name><PackageID>1411</PackageID><Type>Custom Field Type</Type></Struct></ExportedObjects><PackageTimestamp>2010-03-31 21:42:58</PackageTimestamp><ServerLicenseID>507168</ServerLicenseID><ServerSchemaVersion>2010-02-26 13:00:00</ServerSchemaVersion><SiteDSN>commonspot-site-live</SiteDSN><SiteDir>C:/data/web/cs60/cs_sites/live</SiteDir><SiteID>2</SiteID><SiteSchemaVersion>2010-03-25 16:00:00</SiteSchemaVersion><UsersDSN>commonspot-users</UsersDSN><UsersSchemaVersion>2010-02-26 13:00:00</UsersSchemaVersion></CommonSpotPacket>
