﻿<?xml version="1.0" encoding="UTF-8"?>
<CustomElement><MappedIDs><MappedID><Name>ElementTypeID</Name><Value>1558</Value><DateLastModified>2010-03-24 15:28:43</DateLastModified></MappedID><MappedID><Name>FieldID</Name><Value>1564</Value><ParentID>1558</ParentID><DateLastModified>2010-03-24 15:28:43</DateLastModified></MappedID><MappedID><Name>FieldID</Name><Value>1566</Value><ParentID>1558</ParentID><DateLastModified>2010-03-24 15:28:43</DateLastModified></MappedID><MappedID><Name>FieldID</Name><Value>1567</Value><ParentID>1558</ParentID><DateLastModified>2010-03-24 15:28:43</DateLastModified></MappedID><MappedID><Name>FieldID</Name><Value>1568</Value><ParentID>1558</ParentID><DateLastModified>2010-03-24 15:28:43</DateLastModified></MappedID><MappedID><Name>FieldID</Name><Value>1569</Value><ParentID>1558</ParentID><DateLastModified>2010-03-24 15:28:43</DateLastModified></MappedID><MappedID><Name>TabID</Name><Value>1559</Value><ParentID>1558</ParentID><DateLastModified>2010-03-24 15:17:53</DateLastModified></MappedID><MappedID><Name>CustomFieldTypeID</Name><Value>1423</Value><DateLastModified>2010-02-28 12:12:42</DateLastModified></MappedID><MappedID><Name>CustomFieldTypeID</Name><Value>1411</Value><DateLastModified>2010-02-28 12:09:13</DateLastModified></MappedID></MappedIDs><CustomFieldTypes><CustomFieldType><ID>1423</ID><Name>Custom Text Field</Name><GUID>1B442C0C-1C23-266A-32A4-0A873880C8A7</GUID><Description>Custom text field to specify a field ID and action property set to allow one edit, then the field is read only.</Description><CSDataType>text</CSDataType><Module><PropertyModule>/ADF/extensions/customfields/custom_text_field/custom_text_field_props.cfm</PropertyModule><RenderModule>/ADF/extensions/customfields/custom_text_field/custom_text_field_render.cfm</RenderModule></Module></CustomFieldType><CustomFieldType><ID>1411</ID><Name>General Chooser</Name><GUID>AA93F085-1C23-266A-324C-7960838ED3B2</GUID><Description>General Chooser field type for selecting data records from a custom element.</Description><CSDataType>text</CSDataType><Module><PropertyModule>/ADF/extensions/customfields/general_chooser/general_chooser_props.cfm</PropertyModule><RenderModule>/ADF/extensions/customfields/general_chooser/general_chooser_render.cfm</RenderModule></Module></CustomFieldType></CustomFieldTypes><FieldDefinitions><FieldDefinition><ID>1564</ID><Name>categoryID</Name><ControlName>FIC_categoryID</ControlName><Description/><Type>hidden</Type><Properties><FieldDefaultValue>createuuid()</FieldDefaultValue><IsCustomFieldType>0</IsCustomFieldType><IsShared>0</IsShared><Position>1</Position><TabName>Photo Category</TabName><INPUTPARAMS type="Struct"><DLGTYPE>customelement</DLGTYPE><LABEL>categoryID</LABEL><PEDIT/><PREAD/><REQ>No</REQ><TABID>1559.0</TABID><USESECURITY>0</USESECURITY><USEUDEF>1</USEUDEF></INPUTPARAMS></Properties></FieldDefinition><FieldDefinition><ID>1566</ID><Name>Title</Name><ControlName>FIC_title</ControlName><Description/><Type>text</Type><Properties><IsCustomFieldType>0</IsCustomFieldType><IsShared>0</IsShared><Position>2</Position><TabName>Photo Category</TabName><INPUTPARAMS type="Struct"><ID>1566.0</ID><LABEL>Title</LABEL><MAXLENGTH>255</MAXLENGTH><MSG>Please enter a valid Title value</MSG><PEDIT/><PREAD/><READONLY>0</READONLY><REQ>Yes</REQ><SHARED>0</SHARED><SIZE>40</SIZE><TABID>1559.0</TABID><USESECURITY>0</USESECURITY><USEUDEF>0</USEUDEF></INPUTPARAMS></Properties></FieldDefinition><FieldDefinition><ID>1567</ID><Name>Directory</Name><ControlName>FIC_directory</ControlName><Description/><Type>Custom Text Field</Type><Properties><IsCustomFieldType>1</IsCustomFieldType><IsShared>0</IsShared><Position>3</Position><TabName>Photo Category</TabName><INPUTPARAMS type="Struct"><BEANNAME/><CURRENTDEFAULT/><EDITONCE>1</EDITONCE><FLDNAME/><FLDSIZE>40</FLDSIZE><ID>1567</ID><LABEL>Directory</LABEL><METHODNAME/><PEDIT/><PREAD/><READONLY>0</READONLY><REQ>Yes</REQ><SHARED>0</SHARED><USESECURITY>0</USESECURITY><USEUDEF>0</USEUDEF></INPUTPARAMS></Properties></FieldDefinition><FieldDefinition><ID>1568</ID><Name>Required Size ID List</Name><ControlName>FIC_reqSizeIDList</ControlName><Description/><Type>General Chooser</Type><Properties><IsCustomFieldType>1</IsCustomFieldType><IsShared>0</IsShared><Position>4</Position><TabName>Photo Category</TabName><INPUTPARAMS type="Struct"><CHOOSERCFCNAME>photoSizeGC</CHOOSERCFCNAME><FORCESCRIPTS>0</FORCESCRIPTS><ID>1568</ID><LABEL>Required Size ID List</LABEL><PEDIT/><PREAD/><READONLY>0</READONLY><REQ>No</REQ><SHARED>0</SHARED><USESECURITY>0</USESECURITY></INPUTPARAMS></Properties></FieldDefinition><FieldDefinition><ID>1569</ID><Name>Resize Size ID List</Name><ControlName>FIC_resizeSizeIDList</ControlName><Description/><Type>General Chooser</Type><Properties><IsCustomFieldType>1</IsCustomFieldType><IsShared>0</IsShared><Position>5</Position><TabName>Photo Category</TabName><INPUTPARAMS type="Struct"><CHOOSERCFCNAME>photoSizeGC</CHOOSERCFCNAME><FORCESCRIPTS>0</FORCESCRIPTS><ID>1569</ID><LABEL>Resize Size ID List</LABEL><PEDIT/><PREAD/><READONLY>0</READONLY><REQ>No</REQ><SHARED>0</SHARED><USESECURITY>0</USESECURITY></INPUTPARAMS></Properties></FieldDefinition></FieldDefinitions><TabDefinitions><TabDefinition><ID>1559</ID><DisplayName>Photo Category</DisplayName><SortName>photo-category</SortName></TabDefinition></TabDefinitions><ObjectParams><Name>Photo Category</Name><GUID>B7090AAE-ED2A-A2BE-9D42-9D6736DA7FB1</GUID><ExportedObjectType>Custom Element</ExportedObjectType><Description>Photo Category custom element.</Description><Category>Photo Gallery Elements</Category><GlobalElement>1</GlobalElement><IndexElement>0</IndexElement></ObjectParams></CustomElement>
