﻿<?xml version="1.0" encoding="UTF-8"?>
<CustomElement><MappedIDs><MappedID><Name>ElementTypeID</Name><Value>1512</Value><DateLastModified>2011-03-31 20:58:43</DateLastModified></MappedID><MappedID><Name>FieldID</Name><Value>1518</Value><ParentID>1512</ParentID><DateLastModified>2011-03-31 20:58:43</DateLastModified></MappedID><MappedID><Name>FieldID</Name><Value>1519</Value><ParentID>1512</ParentID><DateLastModified>2011-03-31 20:58:43</DateLastModified></MappedID><MappedID><Name>FieldID</Name><Value>1520</Value><ParentID>1512</ParentID><DateLastModified>2011-03-31 20:58:43</DateLastModified></MappedID><MappedID><Name>FieldID</Name><Value>1521</Value><ParentID>1512</ParentID><DateLastModified>2011-03-31 20:58:43</DateLastModified></MappedID><MappedID><Name>FieldID</Name><Value>1522</Value><ParentID>1512</ParentID><DateLastModified>2011-03-31 20:58:43</DateLastModified></MappedID><MappedID><Name>TabID</Name><Value>1513</Value><ParentID>1512</ParentID><DateLastModified>2011-03-29 16:57:29</DateLastModified></MappedID><MappedID><Name>CustomFieldTypeID</Name><Value>1514</Value><DateLastModified>2011-03-29 16:57:38</DateLastModified></MappedID><MappedID><Name>CustomFieldTypeID</Name><Value>1606</Value><DateLastModified>2011-03-31 19:54:01</DateLastModified></MappedID><MappedID><Name>CustomFieldTypeID</Name><Value>1350</Value><DateLastModified>2011-03-20 15:33:18</DateLastModified></MappedID></MappedIDs><CustomFieldTypes><CustomFieldType><ID>1514</ID><Name>Custom Text Field</Name><GUID>0ED478AA-EE02-FC66-FA48-076A9C001A40</GUID><Description>Custom text field to specify a field ID and action property set to allow one edit, then the field is read only.</Description><Module><PropertyModule>/ADF/extensions/customfields/custom_text_field/custom_text_field_props.cfm</PropertyModule><RenderModule>/ADF/extensions/customfields/custom_text_field/custom_text_field_render.cfm</RenderModule></Module></CustomFieldType><CustomFieldType><ID>1606</ID><Name>Photo Reference Name</Name><GUID>0ED478BA-9FAF-AE25-9875-9936B7B07350</GUID><Description>Custom field to control the photo reference name (directory) and default based on the title entered.</Description><Module><PropertyModule>/ADF/apps/pt_photo_gallery/customfields/photo_directory_props.cfm</PropertyModule><RenderModule>/ADF/apps/pt_photo_gallery/customfields/photo_directory_render.cfm</RenderModule></Module></CustomFieldType><CustomFieldType><ID>1350</ID><Name>General Chooser</Name><GUID>0ED4AB14-0F72-AE1F-DA1D-F43EA26FE8C6</GUID><Description>General Chooser field to select custom element records.</Description><Module><PropertyModule>/ADF/extensions/customfields/general_chooser/general_chooser_props.cfm</PropertyModule><RenderModule>/ADF/extensions/customfields/general_chooser/general_chooser_render.cfm</RenderModule></Module></CustomFieldType></CustomFieldTypes><FieldDefinitions><FieldDefinition><ID>1518</ID><Name>categoryID</Name><ControlName>FIC_categoryID</ControlName><Description/><Type>hidden</Type><Properties><FieldDefaultValue>createuuid()</FieldDefaultValue><IsCustomFieldType>0</IsCustomFieldType><IsShared>0</IsShared><Position>1</Position><TabName>Photo Category</TabName><INPUTPARAMS type="Struct"><DLGTYPE>customelement</DLGTYPE><LABEL>categoryID</LABEL><PEDIT/><PREAD/><REQ>No</REQ><TABID>1513.0</TABID><USESECURITY>0</USESECURITY><USEUDEF>1</USEUDEF></INPUTPARAMS></Properties></FieldDefinition><FieldDefinition><ID>1519</ID><Name>Title</Name><ControlName>FIC_title</ControlName><Description/><Type>Custom Text Field</Type><Properties><IsCustomFieldType>1</IsCustomFieldType><IsShared>0</IsShared><Position>2</Position><TabName>Photo Category</TabName><INPUTPARAMS type="Struct"><CURRENTDEFAULT/><EDITONCE>0</EDITONCE><FLDCLASS/><FLDNAME>photoCatTitle</FLDNAME><FLDSIZE>40</FLDSIZE><ID>1519</ID><LABEL>Title</LABEL><PEDIT/><PREAD/><READONLY>0</READONLY><REQ>Yes</REQ><SHARED>0</SHARED><USESECURITY>0</USESECURITY><USEUDEF>0</USEUDEF></INPUTPARAMS></Properties></FieldDefinition><FieldDefinition><ID>1520</ID><Name>Reference Name</Name><ControlName>FIC_directory</ControlName><Description>This is the reference name value to return the specific photo size. This field is read only once the record has been created and can not be edited.&lt;br /&gt;Defaulted to the title, but can be customized.&amp;nbsp; The title can be unique and the reference name can be a simple value (i.e. small, medium, large, etc).&amp;nbsp; </Description><Type>Photo Reference Name</Type><Properties><IsCustomFieldType>1</IsCustomFieldType><IsShared>0</IsShared><Position>3</Position><TabName>Photo Category</TabName><INPUTPARAMS type="Struct"><FLDCLASS/><FLDID>photoCatDirectory</FLDID><FLDSIZE>40</FLDSIZE><ID>1520</ID><LABEL>Reference Name</LABEL><PEDIT/><PREAD/><READONLY>0</READONLY><REQ>Yes</REQ><SHARED>0</SHARED><TITLEFLDID>photoCatTitle</TITLEFLDID><USESECURITY>0</USESECURITY></INPUTPARAMS></Properties></FieldDefinition><FieldDefinition><ID>1521</ID><Name>Required Photo Size</Name><ControlName>FIC_reqSizeIDList</ControlName><Description/><Type>General Chooser</Type><Properties><IsCustomFieldType>1</IsCustomFieldType><IsShared>0</IsShared><Position>4</Position><TabName>Photo Category</TabName><INPUTPARAMS type="Struct"><CHOOSERCFCNAME>photoSizeGC</CHOOSERCFCNAME><FORCESCRIPTS>0</FORCESCRIPTS><ID>1521</ID><LABEL>Required Photo Size</LABEL><PEDIT/><PREAD/><READONLY>0</READONLY><REQ>No</REQ><SHARED>0</SHARED><USESECURITY>0</USESECURITY></INPUTPARAMS></Properties></FieldDefinition><FieldDefinition><ID>1522</ID><Name>Resize Photo Size</Name><ControlName>FIC_resizeSizeIDList</ControlName><Description/><Type>General Chooser</Type><Properties><IsCustomFieldType>1</IsCustomFieldType><IsShared>0</IsShared><Position>5</Position><TabName>Photo Category</TabName><INPUTPARAMS type="Struct"><CHOOSERCFCNAME>photoSizeGC</CHOOSERCFCNAME><FORCESCRIPTS>0</FORCESCRIPTS><ID>1522</ID><LABEL>Resize Photo Size</LABEL><PEDIT/><PREAD/><READONLY>0</READONLY><REQ>No</REQ><SHARED>0</SHARED><USESECURITY>0</USESECURITY></INPUTPARAMS></Properties></FieldDefinition></FieldDefinitions><TabDefinitions><TabDefinition><ID>1513</ID><DisplayName>Photo Category</DisplayName><SortName>photo-category</SortName></TabDefinition></TabDefinitions><ObjectParams><Name>Photo Category</Name><GUID>0ED4AAD6-B897-BCA3-9342-B11E34607E85</GUID><ExportedObjectType>Custom Element</ExportedObjectType><Description>Photo Category custom element.</Description><Category>PT Photo Gallery Elements</Category><GlobalElement>1</GlobalElement><IndexElement>0</IndexElement></ObjectParams></CustomElement>
