﻿<FileList class="array"><Struct><Filename>custom_text_field_props.cfm</Filename><Filepath>C:/data/web/ADF/extensions/customfields/custom_text_field</Filepath><Fullname>C:/data/web/ADF/extensions/customfields/custom_text_field/custom_text_field_props.cfm</Fullname><LastModifiedOn>March 29, 2010 6:11:02 PM EDT</LastModifiedOn><LastModifiedTimeStamp>1269900662046</LastModifiedTimeStamp><MD5>c3a153aaa22c6b77c7469e5c35d77cfe</MD5><Status>Success</Status><Zippath>/data/web/ADF/extensions/customfields/custom_text_field/custom_text_field_props.cfm</Zippath></Struct><Struct><Filename>custom_text_field_render.cfm</Filename><Filepath>C:/data/web/ADF/extensions/customfields/custom_text_field</Filepath><Fullname>C:/data/web/ADF/extensions/customfields/custom_text_field/custom_text_field_render.cfm</Fullname><LastModifiedOn>March 29, 2010 6:11:20 PM EDT</LastModifiedOn><LastModifiedTimeStamp>1269900680343</LastModifiedTimeStamp><MD5>d0eb87c503b3fa68464034cd28dc749b</MD5><Status>Success</Status><Zippath>/data/web/ADF/extensions/customfields/custom_text_field/custom_text_field_render.cfm</Zippath></Struct><Struct><Filename>general_chooser_props.cfm</Filename><Filepath>C:/data/web/ADF/extensions/customfields/general_chooser</Filepath><Fullname>C:/data/web/ADF/extensions/customfields/general_chooser/general_chooser_props.cfm</Fullname><LastModifiedOn>March 29, 2010 6:15:40 PM EDT</LastModifiedOn><LastModifiedTimeStamp>1269900940878</LastModifiedTimeStamp><MD5>677cba814a85412d674f9de730f8ce00</MD5><Status>Success</Status><Zippath>/data/web/ADF/extensions/customfields/general_chooser/general_chooser_props.cfm</Zippath></Struct><Struct><Filename>general_chooser_render.cfm</Filename><Filepath>C:/data/web/ADF/extensions/customfields/general_chooser</Filepath><Fullname>C:/data/web/ADF/extensions/customfields/general_chooser/general_chooser_render.cfm</Fullname><LastModifiedOn>March 29, 2010 6:15:50 PM EDT</LastModifiedOn><LastModifiedTimeStamp>1269900950675</LastModifiedTimeStamp><MD5>fa4682ce409790dc68005d19d2738c0a</MD5><Status>Success</Status><Zippath>/data/web/ADF/extensions/customfields/general_chooser/general_chooser_render.cfm</Zippath></Struct></FileList>
