<?xml version="1.0" encoding="UTF-8"?>
<FileList><File><Zippath>/Servers/Web/ADF/extensions/customfields/custom_text_field/custom_text_field_props.cfm</Zippath><Fullname>C:/Servers/Web/ADF/extensions/customfields/custom_text_field/custom_text_field_props.cfm</Fullname><Status>Success</Status><LastModifiedTimeStamp>1297257786453</LastModifiedTimeStamp><Filepath>C:/Servers/Web/ADF/extensions/customfields/custom_text_field</Filepath><LastModifiedOn>February 9, 2011 8:23:06 AM EST</LastModifiedOn><MD5>108c0cb84312f18be282a9d8fcad1b46</MD5><Filename>custom_text_field_props.cfm</Filename></File><File><Zippath>/Servers/Web/ADF/extensions/customfields/custom_text_field/custom_text_field_render.cfm</Zippath><Fullname>C:/Servers/Web/ADF/extensions/customfields/custom_text_field/custom_text_field_render.cfm</Fullname><Status>Success</Status><LastModifiedTimeStamp>1297221653500</LastModifiedTimeStamp><Filepath>C:/Servers/Web/ADF/extensions/customfields/custom_text_field</Filepath><LastModifiedOn>February 8, 2011 10:20:53 PM EST</LastModifiedOn><MD5>64c7691a278de39364475fe115a4edc4</MD5><Filename>custom_text_field_render.cfm</Filename></File><File><Zippath>/Servers/Web/ADF/apps/pt_photo_gallery/customfields/photo_directory_props.cfm</Zippath><Fullname>C:/Servers/Web/ADF/apps/pt_photo_gallery/customfields/photo_directory_props.cfm</Fullname><Status>Success</Status><LastModifiedTimeStamp>1301432153452</LastModifiedTimeStamp><Filepath>C:/Servers/Web/ADF/apps/pt_photo_gallery/customfields</Filepath><LastModifiedOn>March 29, 2011 4:55:53 PM EDT</LastModifiedOn><MD5>f6f0431e92e14c2b25e75f4428dafcd9</MD5><Filename>photo_directory_props.cfm</Filename></File><File><Zippath>/Servers/Web/ADF/apps/pt_photo_gallery/customfields/photo_directory_render.cfm</Zippath><Fullname>C:/Servers/Web/ADF/apps/pt_photo_gallery/customfields/photo_directory_render.cfm</Fullname><Status>Success</Status><LastModifiedTimeStamp>1301619188250</LastModifiedTimeStamp><Filepath>C:/Servers/Web/ADF/apps/pt_photo_gallery/customfields</Filepath><LastModifiedOn>March 31, 2011 8:53:08 PM EDT</LastModifiedOn><MD5>7b1087a668811c3204857919a8f89451</MD5><Filename>photo_directory_render.cfm</Filename></File><File><Zippath>/Servers/Web/ADF/extensions/customfields/general_chooser/general_chooser_props.cfm</Zippath><Fullname>C:/Servers/Web/ADF/extensions/customfields/general_chooser/general_chooser_props.cfm</Fullname><Status>Success</Status><LastModifiedTimeStamp>1300648511750</LastModifiedTimeStamp><Filepath>C:/Servers/Web/ADF/extensions/customfields/general_chooser</Filepath><LastModifiedOn>March 20, 2011 3:15:11 PM EDT</LastModifiedOn><MD5>8f31df61067fdbf863ff17865ed3f7f8</MD5><Filename>general_chooser_props.cfm</Filename></File><File><Zippath>/Servers/Web/ADF/extensions/customfields/general_chooser/general_chooser_render.cfm</Zippath><Fullname>C:/Servers/Web/ADF/extensions/customfields/general_chooser/general_chooser_render.cfm</Fullname><Status>Success</Status><LastModifiedTimeStamp>1301243839250</LastModifiedTimeStamp><Filepath>C:/Servers/Web/ADF/extensions/customfields/general_chooser</Filepath><LastModifiedOn>March 27, 2011 12:37:19 PM EDT</LastModifiedOn><MD5>9fca6be12f086c28a2f21c012bd64515</MD5><Filename>general_chooser_render.cfm</Filename></File></FileList>