<?xml version="1.0" encoding="UTF-8"?>
<FileList><File><Zippath>/data/web/ADF/extensions/customfields/custom_text_field/custom_text_field_props.cfm</Zippath><Fullname>C:/data/web/ADF/extensions/customfields/custom_text_field/custom_text_field_props.cfm</Fullname><Status>Success</Status><LastModifiedTimeStamp>1248380251752</LastModifiedTimeStamp><Filepath>C:/data/web/ADF/extensions/customfields/custom_text_field</Filepath><LastModifiedOn>July 23, 2009 4:17:31 PM EDT</LastModifiedOn><MD5>a2cba33c89febc9d5bc037195a200f82</MD5><Filename>custom_text_field_props.cfm</Filename></File><File><Zippath>/data/web/ADF/extensions/customfields/custom_text_field/custom_text_field_render.cfm</Zippath><Fullname>C:/data/web/ADF/extensions/customfields/custom_text_field/custom_text_field_render.cfm</Fullname><Status>Success</Status><LastModifiedTimeStamp>1248380251736</LastModifiedTimeStamp><Filepath>C:/data/web/ADF/extensions/customfields/custom_text_field</Filepath><LastModifiedOn>July 23, 2009 4:17:31 PM EDT</LastModifiedOn><MD5>49a7374c48e51fbf3cfc732ecd2bb735</MD5><Filename>custom_text_field_render.cfm</Filename></File><File><Zippath>/data/web/ADF/extensions/customfields/general_chooser/general_chooser_props.cfm</Zippath><Fullname>C:/data/web/ADF/extensions/customfields/general_chooser/general_chooser_props.cfm</Fullname><Status>Success</Status><LastModifiedTimeStamp>1248380251127</LastModifiedTimeStamp><Filepath>C:/data/web/ADF/extensions/customfields/general_chooser</Filepath><LastModifiedOn>July 23, 2009 4:17:31 PM EDT</LastModifiedOn><MD5>df3d51e515f8b5ad0e8f26edd82d31ed</MD5><Filename>general_chooser_props.cfm</Filename></File><File><Zippath>/data/web/ADF/extensions/customfields/general_chooser/general_chooser_render.cfm</Zippath><Fullname>C:/data/web/ADF/extensions/customfields/general_chooser/general_chooser_render.cfm</Fullname><Status>Success</Status><LastModifiedTimeStamp>1249051899547</LastModifiedTimeStamp><Filepath>C:/data/web/ADF/extensions/customfields/general_chooser</Filepath><LastModifiedOn>July 31, 2009 10:51:39 AM EDT</LastModifiedOn><MD5>5a5d254c21a739a670df514b7c727d2c</MD5><Filename>general_chooser_render.cfm</Filename></File></FileList>