﻿<?xml version="1.0" encoding="UTF-8"?>
<CustomFieldType><MappedIDs><MappedID><Name>CustomFieldTypeID</Name><Value>1790</Value><DateLastModified>2009-07-28 15:13:14</DateLastModified></MappedID></MappedIDs><ObjectParams><ExportedObjectType>Custom Field Type</ExportedObjectType><Name>Photo Upload Link</Name><GUID>E73889CE-1C23-266A-32D2-A025F56683F7</GUID><Description>Custom field to render a link to the photo element to upload a photo.</Description><Module><PropertyModule>/ADF/apps/pt_photo_gallery/customfields/photo_upload_link_props.cfm</PropertyModule><RenderModule>/ADF/apps/pt_photo_gallery/customfields/photo_upload_link_render.cfm</RenderModule></Module></ObjectParams></CustomFieldType>
