﻿<CommonSpotPacket type="Struct"><CommonSpotDir>C:/data/web/cs501/commonspot</CommonSpotDir><CommonSpotVersion>Build 5.0.2.56</CommonSpotVersion><Dependency class="array"></Dependency><ExportedObjects class="array"><Struct><CurrentDataVersion>2007-07-17 09:00:00</CurrentDataVersion><DateLastModified>2009-07-28 15:13:14</DateLastModified><Description>Custom field to render a link to the photo element to upload a photo.</Description><GUID>E73889CE-1C23-266A-32D2-A025F56683F7</GUID><MinReaderVersion>2007-07-17 09:00:00</MinReaderVersion><Name>Photo Upload Link</Name><PackageID>1790</PackageID><Type>Custom Field Type</Type></Struct></ExportedObjects><PackageTimestamp>2009-08-04 17:02:40</PackageTimestamp><ServerLicenseID>507168</ServerLicenseID><ServerSchemaVersion>2007-09-06 08:00:00</ServerSchemaVersion><SiteDSN>commonspot-site-photogallery</SiteDSN><SiteDir>C:/data/web/cs501/cs_sites/photogallery</SiteDir><SiteID>9</SiteID><SiteSchemaVersion>2007-09-17 11:25:00</SiteSchemaVersion><UsersDSN>commonspot-users</UsersDSN><UsersSchemaVersion>2007-06-11 17:35:00</UsersSchemaVersion></CommonSpotPacket>
