<?xml version="1.0" encoding="UTF-8"?>
<FileList><File><Zippath>/data/web/ADF/apps/pt_photo_gallery/customfields/photo_upload_link_props.cfm</Zippath><Fullname>C:/data/web/ADF/apps/pt_photo_gallery/customfields/photo_upload_link_props.cfm</Fullname><Status>Success</Status><LastModifiedTimeStamp>1249414999347</LastModifiedTimeStamp><Filepath>C:/data/web/ADF/apps/pt_photo_gallery/customfields</Filepath><LastModifiedOn>August 4, 2009 3:43:19 PM EDT</LastModifiedOn><MD5>11cab99fb346d2813bbd1ca9e74d88ea</MD5><Filename>photo_upload_link_props.cfm</Filename></File><File><Zippath>/data/web/ADF/apps/pt_photo_gallery/customfields/photo_upload_link_render.cfm</Zippath><Fullname>C:/data/web/ADF/apps/pt_photo_gallery/customfields/photo_upload_link_render.cfm</Fullname><Status>Success</Status><LastModifiedTimeStamp>1249414994333</LastModifiedTimeStamp><Filepath>C:/data/web/ADF/apps/pt_photo_gallery/customfields</Filepath><LastModifiedOn>August 4, 2009 3:43:14 PM EDT</LastModifiedOn><MD5>a6226e42dab5a0e90dc37ba7139cf462</MD5><Filename>photo_upload_link_render.cfm</Filename></File></FileList>